site,transect,plot,subplot,plot_location,year_t,num_bare_t,num_shrub_t,num_black_gramma_t,num_blue_gramma_t,num_other_grass_t,num_other_t,Cover_notes,max.ht_t,max.w_t,perp.w_t,name,notes,falll_survival_t,fall_survival_notes,spring_survival_t1,max.ht_t1,max.w_t1,perp.w_t1,flowers_t1,fruits_t1,reproductive_fraction
PDC,1,1,1,2.5,2015,9,0,0,0,0,0,,8,18,7,,,0,,0,,,,,,
PDC,1,1,2,2.5,2015,3,6,0,0,0,0,,14.5,16.5,9,,,0,,0,,,,,,
PDC,1,1,3,2.5,2015,8,1,0,0,0,0,,12.5,21,9.5,,,0,,0,,,,,,
PDC,1,1,4,2.5,2015,9,0,0,0,0,0,,7,21,7,,,0,,0,,,,,,
PDC,1,2,1,7.5,2015,8,1,0,0,0,0,,6.5,13,9.5,,,0,,0,,,,,,
PDC,1,2,2,7.5,2015,5,4,0,0,0,0,,15,9.5,6,,,0,,0,,,,,,
PDC,1,2,3,7.5,2015,0,7,0,0,2,0,,15,10,9,,,0,,0,,,,,,
PDC,1,2,4,7.5,2015,4,5,0,0,0,0,,18,14,10,,,1,,0,,,,,,
PDC,1,3,1,12.5,2015,9,0,0,0,0,0,,9,16.5,10,,,0,,0,,,,,,
PDC,1,3,2,12.5,2015,6,3,0,0,0,0,,6.5,12,10,,,0,,0,,,,,,
PDC,1,3,3,12.5,2015,9,0,0,0,0,0,,13.5,10,8.5,,,0,,0,,,,,,
PDC,1,3,4,12.5,2015,9,0,0,0,0,0,,6.5,17.5,9,,,1,,0,,,,,,
PDC,1,4,1,17.5,2015,8,1,0,0,0,0,,11,12.5,7.5,,,0,,0,,,,,,
PDC,1,4,2,17.5,2015,5,4,0,0,0,0,,10,16,9.5,,,0,,0,,,,,,
PDC,1,4,3,17.5,2015,9,0,0,0,0,0,,9.5,6.5,6,,,0,,0,,,,,,
PDC,1,4,4,17.5,2015,4,5,0,0,0,0,,9,13,9.5,,,1,,0,,,,,,
PDC,1,5,1,27.5,2015,5,0,0,0,1,3,spir; mhuly,10.5,14.5,11,,,1,,1,3.5,0.5,0.5,0,0,1
PDC,1,5,2,27.5,2015,3,0,6,0,0,0,,10,12,9,,,1,,1,3,2.5,2,0,0,1
PDC,1,5,3,27.5,2015,8,0,0,0,1,0,,7,8,6.5,umpa lumpa,,1,,0,,,,,,
PDC,1,5,4,27.5,2015,9,0,0,0,0,0,,18.5,11,8,,,1,,0,,,,,,
PDC,1,6,1,32.5,2015,6,0,0,0,2,1,spir; other grass,10.5,9.5,5,,,1,,1,3,2.5,2,0,0,1
PDC,1,6,2,32.5,2015,2,0,0,0,7,0,,7.5,9,8,,,1,,0,,,,,,
PDC,1,6,3,32.5,2015,4,0,0,0,5,0,,14,9,8.5,,,1,,1,2,1.5,1,0,0,1
PDC,1,6,4,32.5,2015,5,0,0,0,4,0,,6,12,7,,,0,,0,,,,,,
PDC,1,7,1,37.5,2015,6,0,0,0,0,3,mhuly,5.5,8.5,5,,,0,,0,,,,,,
PDC,1,7,2,37.5,2015,9,0,0,0,0,0,,18,11,11,,,0,,0,,,,,,
PDC,1,7,3,37.5,2015,6,2,0,0,1,0,spir,11,14,11,,,0,,0,,,,,,
PDC,1,7,4,37.5,2015,8,0,0,0,1,0,spir,7,15.5,6,,,1,,0,,,,,,
PDC,1,8,1,67.5,2015,9,0,0,0,0,0,,10.5,17,9,,,0,,0,,,,,,
PDC,1,8,2,67.5,2015,9,0,0,0,0,0,,12,10.5,9.5,,,1,,0,,,,,,
PDC,1,8,3,67.5,2015,7,0,2,0,0,0,,16,14,9,,,1,,0,,,,,,
PDC,1,8,4,67.5,2015,9,0,0,0,0,0,,15,10,7.5,,,0,,0,,,,,,
PDC,1,9,1,82.5,2015,8,0,0,0,1,0,spir,13,15,9.5,,,1,,1,8,7.5,4.5,0,0,1
PDC,1,9,2,82.5,2015,5,0,0,0,4,0,spir,7.5,11,7,,,1,,0,,,,,,
PDC,1,9,3,82.5,2015,5,0,0,0,4,0,spir,10,11,10,,,1,,0,,,,,,
PDC,1,9,4,82.5,2015,9,0,0,0,0,0,,10,13,12,,,0,,0,,,,,,
PDC,1,10,1,112.5,2015,6,0,2,0,0,1,forb,16,11.5,4,,,1,,0,,,,,,
PDC,1,10,2,112.5,2015,2,0,7,0,0,0,,17,19,6,,,0,,0,,,,,,
PDC,1,10,3,112.5,2015,7,0,1,0,1,0,,14,15,7,,,1,,0,,,,,,
PDC,1,10,4,112.5,2015,7,0,2,0,0,0,,11,12,6.5,,,1,,1,4,2.5,1.5,0,0,1
PDC,1,11,1,132.5,2015,8,0,0,0,1,0,spir,11.5,14.5,7,,,1,,1,2.5,2.5,1,0,0,1
PDC,1,11,2,132.5,2015,5,0,3,0,1,0,spir,16,8,7,,,1,,1,3,3,2.5,0,0,1
PDC,1,11,3,132.5,2015,8,0,0,0,1,0,spir,19,14,11,,,0,,0,,,,,,
PDC,1,11,4,132.5,2015,5,0,0,0,0,4,other grass,7,14,9,,,0,,0,,,,,,
PDC,1,12,1,137.5,2015,8,0,0,0,1,0,spir,9,16,7.5,,,0,,0,,,,,,
PDC,1,12,2,137.5,2015,4,0,5,0,0,0,,14.5,11,7.5,,,1,,1,9,2.5,2,0,0,1
PDC,1,12,3,137.5,2015,6,0,0,0,3,0,spir,15,15,10.5,,,0,,0,,,,,,
PDC,1,12,4,137.5,2015,6,0,2,0,1,0,,5,10,5.5,,,1,,0,,,,,,
PDC,2,1,1,2.5,2015,9,0,0,0,0,0,,9,12,11,,,0,,0,,,,,,
PDC,2,1,2,2.5,2015,8,1,0,0,0,0,,12,12,11,,,0,,0,,,,,,
PDC,2,1,3,2.5,2015,8,1,0,0,0,0,,14.5,16,8,,,0,,0,,,,,,
PDC,2,1,4,2.5,2015,6,3,0,0,0,0,,12.5,10,6.5,,,1,,0,,,,,,
PDC,2,2,1,12.5,2015,6,0,0,0,3,0,,12.5,13,12,,,1,,1,5,4,4,0,0,1
PDC,2,2,2,12.5,2015,9,0,0,0,0,0,,16.5,9,6,,,0,,0,,,,,,
PDC,2,2,3,12.5,2015,9,0,0,0,0,0,,7,12,11,,,0,,0,,,,,,
PDC,2,2,4,12.5,2015,9,0,0,0,0,0,,12,13,6.5,,,0,,0,,,,,,
PDC,2,3,1,17.5,2015,9,0,0,0,0,0,,18,12.5,8,,,0,,0,,,,,,
PDC,2,3,2,17.5,2015,3,5,0,0,1,0,,5.5,8,5,,,0,,0,,,,,,
PDC,2,3,3,17.5,2015,9,0,0,0,0,0,,12.5,7.5,5,,,0,,0,,,,,,
PDC,2,3,4,17.5,2015,3,2,0,0,4,0,,11,11.5,10,,,0,,0,,,,,,
PDC,2,4,1,37.5,2015,8,1,0,0,0,0,,6.5,17,9,,,0,,0,,,,,,
PDC,2,4,2,37.5,2015,9,0,0,0,0,0,,17,18,6.5,,,0,,0,,,,,,
PDC,2,4,3,37.5,2015,5,4,0,0,0,0,,24,12,10,,,0,,0,,,,,,
PDC,2,4,4,37.5,2015,9,0,0,0,0,0,,7,12,6.5,,,1,,0,,,,,,
PDC,2,5,1,47.5,2015,9,0,0,0,0,0,,13,19,12,,,1,,0,,,,,,
PDC,2,5,2,47.5,2015,9,0,0,0,0,0,,12,8,7.5,,,0,,0,,,,,,
PDC,2,5,3,47.5,2015,9,0,0,0,0,0,,10.5,12.5,9.5,,,0,,0,,,,,,
PDC,2,5,4,47.5,2015,9,0,0,0,0,0,,13,17,9,,,0,,0,,,,,,
PDC,2,6,1,52.5,2015,4,5,0,0,0,0,,16,7,9.5,,,0,,0,,,,,,
PDC,2,6,2,52.5,2015,4,5,0,0,0,0,,10,17,8,,,0,,0,,,,,,
PDC,2,6,3,52.5,2015,9,0,0,0,0,0,,5,7,6,,,0,,0,,,,,,
PDC,2,6,4,52.5,2015,9,0,0,0,0,0,,19.5,22,8,Omar Sharif,,0,,0,,,,,,
PDC,2,7,1,62.5,2015,9,0,0,0,0,0,,11,11,7,,,0,,0,,,,,,
PDC,2,7,2,62.5,2015,9,0,0,0,0,0,,15,10,8,,,1,,1,3,1,1,0,0,1
PDC,2,7,3,62.5,2015,9,0,0,0,0,0,,6,14.5,12,,,1,,0,,,,,,
PDC,2,7,4,62.5,2015,5,4,0,0,0,0,,16,10,7,,,1,,1,2.5,1,1,0,0,1
PDC,2,8,1,67.5,2015,2,7,0,0,0,0,,15.5,13,12,,,1,,0,,,,,,
PDC,2,8,2,67.5,2015,8,1,0,0,0,0,,8,10,10,,,0,,0,,,,,,
PDC,2,8,3,67.5,2015,9,0,0,0,0,0,,11,13.5,7,,,1,,1,1.5,1,0.5,0,0,1
PDC,2,8,4,67.5,2015,9,0,0,0,0,0,,7.5,13.5,10,,,0,,0,,,,,,
PDC,2,9,1,112.5,2015,8,0,1,0,0,0,,15,16,6.5,,,1,,0,,,,,,
PDC,2,9,2,112.5,2015,8,0,1,0,0,0,,12,9,8,,,1,,0,,,,,,
PDC,2,9,3,112.5,2015,9,0,0,0,0,0,,10.5,14,11,,,0,,0,,,,,,
PDC,2,9,4,112.5,2015,8,0,1,0,0,0,,11.5,15,13,,,1,,0,,,,,,
PDC,2,10,1,127.5,2015,9,0,0,0,0,0,,8.5,14,7,,,0,,0,,,,,,
PDC,2,10,2,127.5,2015,4,0,5,0,0,0,,9,20,9,,,1,,1,1.5,1,1,0,0,1
PDC,2,10,3,127.5,2015,9,0,0,0,0,0,,11,21,16,Aphrodite,,0,,0,,,,,,
PDC,2,10,4,127.5,2015,5,0,3,0,0,1,,12,12,7,,,0,,0,,,,,,
PDC,2,11,1,167.5,2015,6,0,2,0,1,0,,11,10.5,10,,,1,,0,,,,,,
PDC,2,11,2,167.5,2015,4,0,3,0,2,0,,11,9.5,7,,,0,,0,,,,,,
PDC,2,11,3,167.5,2015,0,0,4,0,5,0,,9,10,8,,,0,,0,,,,,,
PDC,2,11,4,167.5,2015,5,0,0,1,3,0,,12,24,9.5,,,0,,0,,,,,,
PDC,2,12,1,187.5,2015,7,0,1,0,1,0,,13,20,6.5,,,0,,0,,,,,,
PDC,2,12,2,187.5,2015,7,0,0,0,2,0,,12,17,9,,,0,,0,,,,,,
PDC,2,12,3,187.5,2015,4,0,0,0,5,0,,16,9,5.5,,,1,,1,12,4,3,0,0,1
PDC,2,12,4,187.5,2015,4,0,0,0,2,3,,11,17.5,12,,,0,,0,,,,,,
PDC,3,1,1,2.5,2015,9,0,0,0,0,0,,17.5,7,6.5,,,0,,0,,,,,,
PDC,3,1,2,2.5,2015,7,2,0,0,0,0,,8,18.5,19,,,0,,0,,,,,,
PDC,3,1,3,2.5,2015,9,0,0,0,0,0,,12,16,12.5,,,0,,0,,,,,,
PDC,3,1,4,2.5,2015,9,0,0,0,0,0,,7,12,6,,,0,,0,,,,,,
PDC,3,2,1,17.5,2015,7,2,0,0,0,0,,14.5,9,13,,,0,,0,,,,,,
PDC,3,2,2,17.5,2015,9,0,0,0,0,0,,10,18,8,,,0,,0,,,,,,
PDC,3,2,3,17.5,2015,7,2,0,0,0,0,,8,7.5,4.5,,,0,,0,,,,,,
PDC,3,2,4,17.5,2015,9,0,0,0,0,0,,13,13.5,6,,,0,,0,,,,,,
PDC,3,3,1,22.5,2015,3,6,0,0,0,0,,8.5,9.5,6,,,0,,0,,,,,,
PDC,3,3,2,22.5,2015,3,6,0,0,0,0,,13,19,13,,,0,,0,,,,,,
PDC,3,3,3,22.5,2015,7,2,0,0,0,0,,15,23,9.5,,,0,,0,,,,,,
PDC,3,3,4,22.5,2015,5,4,0,0,0,0,,11,11,11,,,0,,0,,,,,,
PDC,3,4,1,32.5,2015,8,1,0,0,0,0,,11,12,10.5,,,0,,0,,,,,,
PDC,3,4,2,32.5,2015,2,7,0,0,0,0,,12.5,22,7,,,0,,0,,,,,,
PDC,3,4,3,32.5,2015,9,0,0,0,0,0,,16.5,10,8,,,0,,0,,,,,,
PDC,3,4,4,32.5,2015,9,0,0,0,0,0,,12,11,8,,,0,,0,,,,,,
PDC,3,5,1,55.5,2015,8,0,0,0,0,1,forb,12,9,8,,,0,,0,,,,,,
PDC,3,5,2,55.5,2015,9,0,0,0,0,0,,5,11,5.5,,,0,,0,,,,,,
PDC,3,5,3,55.5,2015,9,0,0,0,0,0,,9,16,5.5,,,0,,0,,,,,,
PDC,3,5,4,55.5,2015,9,0,0,0,0,0,,10.5,13,7,,,0,,0,,,,,,
PDC,3,6,1,72.5,2015,0,9,0,0,0,0,Dense grass below all creosote cover,10.5,15,8,,,1,,1,3,1,0.5,0,0,1
PDC,3,6,2,72.5,2015,0,4,0,0,5,0,Dense grass below all creosote cover,16,14,9,,,0,,0,,,,,,
PDC,3,6,3,72.5,2015,0,6,0,0,3,0,Dense grass below all creosote cover,12,14,12,,,0,,0,,,,,,
PDC,3,6,4,72.5,2015,0,4,0,0,5,0,Dense grass below all creosote cover,7,12,6,,,0,,0,,,,,,
PDC,3,7,1,97.5,2015,6,0,3,0,0,0,,13,13,8,,,1,,0,,,,,,
PDC,3,7,2,97.5,2015,9,0,0,0,0,0,,15.5,16.5,7,Venus Williams,,0,,0,,,,,,
PDC,3,7,3,97.5,2015,7,0,2,0,0,0,,8,7,6,,,0,,0,,,,,,
PDC,3,7,4,97.5,2015,3,0,6,0,0,0,,13,12,8,The secred 3rd Williams sister,,0,,0,,,,,,
PDC,3,8,1,122.5,2015,5,0,4,0,0,0,,8,9.5,6.5,,,1,,0,,,,,,
PDC,3,8,2,122.5,2015,9,0,0,0,0,0,,14,11,6,,,1,,0,,,,,,
PDC,3,8,3,122.5,2015,2,0,7,0,0,0,,15.5,11,9,,,1,,0,,,,,,
PDC,3,8,4,122.5,2015,5,0,4,0,0,0,,14,8,7.5,,,1,,0,,,,,,
PDC,3,9,1,172.5,2015,8,0,1,0,0,0,,11.5,12.5,6,,,0,,0,,,,,,
PDC,3,9,2,172.5,2015,6,0,2,0,1,0,,17,11,6.5,,,0,,0,,,,,,
PDC,3,9,3,172.5,2015,5,0,4,0,0,0,,17,13,4,,,1,,1,5,4,2,0,0,1
PDC,3,9,4,172.5,2015,5,0,0,0,4,0,,20,10,8,,,0,,0,,,,,,
PDC,3,10,1,187.5,2015,7,0,0,0,2,0,,9,13,10,,,1,,0,,,,,,
PDC,3,10,2,187.5,2015,7,0,0,0,2,0,,13,24,7,,,0,,0,,,,,,
PDC,3,10,3,187.5,2015,2,0,7,0,0,0,,17,10,6.5,,,0,,0,,,,,,
PDC,3,10,4,187.5,2015,4,0,4,0,0,1,ephedra,19,15,11,,,1,,1,3.5,2.5,2,0,0,1
PDC,3,11,1,267.5,2015,1,0,8,0,0,0,,6.5,11,8.5,,,0,,0,,,,,,
PDC,3,11,2,267.5,2015,3,0,6,0,0,0,,17,10.5,5,,,0,,0,,,,,,
PDC,3,11,3,267.5,2015,1,0,8,0,0,0,,10.5,9.5,6.5,,,0,,0,,,,,,
PDC,3,11,4,267.5,2015,2,0,7,0,0,0,,8,14.5,8,,,0,,0,,,,,,
PDC,3,12,1,382.5,2015,4,0,5,0,0,0,,9,13,7,,,0,,0,,,,,,
PDC,3,12,2,382.5,2015,7,0,0,0,2,0,,9,12,8,,,0,,0,,,,,,
PDC,3,12,3,382.5,2015,3,0,6,0,0,0,,6,15,5.5,,,0,,0,,,,,,
PDC,3,12,4,382.5,2015,3,0,5,0,1,0,,25,10,6,,,0,,0,,,,,,
FPS,1,1,1,37.5,2015,4,0,5,0,0,0,,16,13,13,,,0,,0,,,,,,
FPS,1,1,2,37.5,2015,7,0,2,0,0,0,,12,12,8,,,0,,0,,,,,,
FPS,1,1,3,37.5,2015,3,2,4,0,0,0,,11.5,16,8.5,,,0,,0,,,,,,
FPS,1,1,4,37.5,2015,6,0,3,0,0,0,,15,15.5,8,,,0,,0,,,,,,
FPS,1,2,1,47.5,2015,5,0,4,0,0,0,,9,11,6.5,,,0,,0,,,,,,
FPS,1,2,2,47.5,2015,5,0,4,0,0,0,,20,20,8,,,0,,0,,,,,,
FPS,1,2,3,47.5,2015,6,0,3,0,0,0,,9,15,9,,,0,,0,,,,,,
FPS,1,2,4,47.5,2015,6,0,3,0,0,0,,15,12,9.5,,,0,,0,,,,,,
FPS,1,3,1,122.5,2015,0,9,0,0,0,0,,9,15,12.5,,,0,,0,,,,,,
FPS,1,3,2,122.5,2015,0,9,0,0,0,0,,7,10.5,9.5,,,0,,0,,,,,,
FPS,1,3,3,122.5,2015,1,7,1,0,0,0,,14,8,5,,,0,,0,,,,,,
FPS,1,3,4,122.5,2015,0,7,2,0,0,0,,13,11.5,9,,,0,,0,,,,,,
FPS,1,4,1,142.5,2015,0,9,0,0,0,0,,8.5,12,9,,,0,,0,,,,,,
FPS,1,4,2,142.5,2015,1,7,1,0,0,0,,11,10,9,,,0,,0,,,,,,
FPS,1,4,3,142.5,2015,1,7,1,0,0,0,,10,10,7,,,0,,0,,,,,,
FPS,1,4,4,142.5,2015,4,2,3,0,0,0,,10,16,9,,,0,,0,,,,,,
FPS,1,5,1,182.5,2015,3,5,1,0,0,0,,11,11,5,,,0,,0,,,,,,
FPS,1,5,2,182.5,2015,2,4,0,0,0,3,tumbleweed,16,15,10,,,0,,0,,,,,,
FPS,1,5,3,182.5,2015,0,7,0,0,0,2,tumbleweed,15,25,14,,,0,,0,,,,,,
FPS,1,5,4,182.5,2015,0,6,0,0,0,3,tumbleweed,11,17,12,,,1,,1,6,11,5,0,0,1
FPS,1,6,1,187.5,2015,1,7,0,0,0,1,tumbleweed,20,17,8,,,0,,0,,,,,,
FPS,1,6,2,187.5,2015,0,1,0,0,0,8,tumbleweed,12,18,13,,,0,,0,,,,,,
FPS,1,6,3,187.5,2015,9,0,0,0,0,0,,13,6.5,11,,,0,,0,,,,,,
FPS,1,6,4,187.5,2015,7,2,0,0,0,0,,13,17.5,9,,,0,,0,,,,,,
FPS,1,7,1,192.5,2015,4,5,0,0,0,0,,12,8,7.5,,,0,,0,,,,,,
FPS,1,7,2,192.5,2015,4,3,2,0,0,0,,17,9,9,,,0,,0,,,,,,
FPS,1,7,3,192.5,2015,3,4,2,0,0,0,,12,8,7,,,0,,0,,,,,,
FPS,1,7,4,192.5,2015,4,4,1,0,0,0,,10,15,6,,,0,,0,,,,,,
FPS,1,8,1,217.5,2015,3,6,0,0,0,0,,9,14,11,,,0,,0,,,,,,
FPS,1,8,2,217.5,2015,4,5,0,0,0,0,,13.5,23,11,,,0,,0,,,,,,
FPS,1,8,3,217.5,2015,8,0,0,0,0,1,tumbleweed,13,7,12,,,0,,0,,,,,,
FPS,1,8,4,217.5,2015,9,0,0,0,0,0,,14,6.5,6,,,0,,0,,,,,,
FPS,1,9,1,377.5,2015,5,0,4,0,0,0,,13.5,9.5,9.5,,,0,,0,,,,,,
FPS,1,9,2,377.5,2015,6,0,3,0,0,0,,10,14,8,,,0,,0,,,,,,
FPS,1,9,3,377.5,2015,6,0,3,0,0,0,,10,11,5,,,0,,0,,,,,,
FPS,1,9,4,377.5,2015,2,0,7,0,0,0,,12,11,10,,,0,,0,,,,,,
FPS,1,10,1,422.5,2015,0,0,9,0,0,0,,23,13,10,,,0,,0,,,,,,
FPS,1,10,2,422.5,2015,0,0,9,0,0,0,,15,15.5,10,,,0,,0,,,,,,
FPS,1,10,3,422.5,2015,4,0,5,0,0,0,,7.5,13,7,,,0,,0,,,,,,
FPS,1,10,4,422.5,2015,2,0,6,0,1,0,,12,10,6.5,,,0,,0,,,,,,
FPS,1,11,1,437.5,2015,6,0,3,0,0,0,,13,18,9.5,,,0,,0,,,,,,
FPS,1,11,2,437.5,2015,3,0,3,0,3,0,,16,16,9.5,,,0,,0,,,,,,
FPS,1,11,3,437.5,2015,7,0,2,0,0,0,,7,11,11,,,0,,0,,,,,,
FPS,1,11,4,437.5,2015,7,0,2,0,0,0,,15.5,15,10.5,,,0,,0,,,,,,
FPS,1,12,1,502.5,2015,0,0,9,0,0,0,,21,16,8.5,,,0,,0,,,,,,
FPS,1,12,2,502.5,2015,3,0,6,0,0,0,,14,14,9.5,,,0,,0,,,,,,
FPS,1,12,3,502.5,2015,4,0,5,0,0,0,,12,13.5,10,,,0,,0,,,,,,
FPS,1,12,4,502.5,2015,5,0,4,0,0,0,,12,13.5,8,,,0,,0,,,,,,
FPS,2,1,1,7.5,2015,8,1,0,0,0,0,,13,21,6,,,0,,0,,,,,,
FPS,2,1,2,7.5,2015,6,1,0,0,2,0,,11,15,11,,,0,,0,,,,,,
FPS,2,1,3,7.5,2015,6,3,0,0,0,0,,9,20,9,,,0,,0,,,,,,
FPS,2,1,4,7.5,2015,0,3,0,0,6,0,,12,18,10,,,0,,0,,,,,,
FPS,2,2,1,12.5,2015,9,0,0,0,0,0,,8,24.5,8.5,,,0,,0,,,,,,
FPS,2,2,2,12.5,2015,6,0,3,0,0,0,,9,14.5,7,,,0,,0,,,,,,
FPS,2,2,3,12.5,2015,2,2,5,0,0,0,,17,15,7,,,0,,0,,,,,,
FPS,2,2,4,12.5,2015,9,0,0,0,0,0,,10.5,20,9,,,0,,0,,,,,,
FPS,2,3,1,22.5,2015,7,1,0,0,0,1,Salt bush,16,24,15,,,0,,0,,,,,,
FPS,2,3,2,22.5,2015,1,5,0,0,3,0,,9.5,12,6,,,0,,0,,,,,,
FPS,2,3,3,22.5,2015,4,4,0,0,0,1,Salt bush,11,17,4,,,0,,0,,,,,,
FPS,2,3,4,22.5,2015,0,7,0,0,2,0,,14.5,9,7,,,0,,0,,,,,,
FPS,2,4,1,27.5,2015,9,0,0,0,0,0,,9,9,7,,,0,,0,,,,,,
FPS,2,4,2,27.5,2015,9,0,0,0,0,0,,16,15.5,5.5,,,0,,0,,,,,,
FPS,2,4,3,27.5,2015,8,0,1,0,0,0,,11,11,9,,,0,,0,,,,,,
FPS,2,4,4,27.5,2015,9,0,0,0,0,0,,13,18,10,,,0,,0,,,,,,
FPS,2,5,1,67.5,2015,7,1,1,0,0,0,,8,10,7,,,0,,0,,,,,,
FPS,2,5,2,67.5,2015,6,0,3,0,0,0,,13,14,9.5,,,0,,0,,,,,,
FPS,2,5,3,67.5,2015,1,7,1,0,0,0,,12,13,11.5,,,0,,0,,,,,,
FPS,2,5,4,67.5,2015,6,0,3,0,0,0,,15,15.5,12,,,0,,0,,,,,,
FPS,2,6,1,87.5,2015,0,9,0,0,0,0,,14,14.5,11,,,0,,0,,,,,,
FPS,2,6,2,87.5,2015,9,0,0,0,0,0,,14,9,7,,,0,,0,,,,,,
FPS,2,6,3,87.5,2015,6,1,2,0,0,0,,14,19,18,,,0,,0,,,,,,
FPS,2,6,4,87.5,2015,7,0,2,0,0,0,,8,22,5.5,,,0,,0,,,,,,
FPS,2,7,1,107.5,2015,9,0,0,0,0,0,,8,12,11,,,0,,0,,,,,,
FPS,2,7,2,107.5,2015,9,0,0,0,0,0,,6.5,9,8,,,0,,0,,,,,,
FPS,2,7,3,107.5,2015,9,0,0,0,0,0,,13,10,9,,,0,,0,,,,,,
FPS,2,7,4,107.5,2015,9,0,0,0,0,0,,7,28,9,,,0,,0,,,,,,
FPS,2,8,1,122.5,2015,6,0,3,0,0,0,,9,16,11.5,,,0,,0,,,,,,
FPS,2,8,2,122.5,2015,1,0,8,0,0,0,,10.5,14,7.5,,,0,,0,,,,,,
FPS,2,8,3,122.5,2015,3,0,6,0,0,0,,14,11,6.5,,,0,,0,,,,,,
FPS,2,8,4,122.5,2015,3,0,6,0,0,0,,15,12,9,,,0,,0,,,,,,
FPS,2,9,1,157.5,2015,9,0,0,0,0,0,,12,10.5,7,,,0,,0,,,,,,
FPS,2,9,2,157.5,2015,5,4,0,0,0,0,,18,13,11,,,0,,0,,,,,,
FPS,2,9,3,157.5,2015,9,0,0,0,0,0,,12,11.5,7,,,0,,0,,,,,,
FPS,2,9,4,157.5,2015,9,0,0,0,0,0,,6,21,20.5,,,0,,0,,,,,,
FPS,2,10,1,227.5,2015,6,0,3,0,0,0,,24,13,4.5,,,0,,0,,,,,,
FPS,2,10,2,227.5,2015,3,0,6,0,0,0,,12,10,7,,,0,,0,,,,,,
FPS,2,10,3,227.5,2015,2,0,7,0,0,0,,16,14,9,,,0,,0,,,,,,
FPS,2,10,4,227.5,2015,6,0,3,0,0,0,,16,17,12,,,0,,0,,,,,,
FPS,2,11,1,277.5,2015,3,3,0,0,0,3,Tumbleweed,17,14,14,,,0,,0,,,,,,
FPS,2,11,2,277.5,2015,9,0,0,0,0,0,,9,15,9.5,,,0,,0,,,,,,
FPS,2,11,3,277.5,2015,0,9,0,0,0,0,,17,12,7,,,0,,0,,,,,,
FPS,2,11,4,277.5,2015,5,4,0,0,0,0,,7,18,6,,,0,,0,,,,,,
FPS,2,12,1,477.5,2015,4,0,5,0,0,0,,21,11.5,11,,,0,tags and flags were moved and chewed- not 100% confident,0,,,,,,
FPS,2,12,2,477.5,2015,7,0,2,0,0,0,,13,16,6,,,0,tags and flags were moved and chewed- not 100% confident,0,,,,,,
FPS,2,12,3,477.5,2015,3,0,2,4,0,0,,12.5,15,7,,,0,tags and flags were moved and chewed- not 100% confident,0,,,,,,
FPS,2,12,4,477.5,2015,4,0,2,3,0,0,,13,16,10.5,,,0,tags and flags were moved and chewed- not 100% confident,0,,,,,,
FPS,3,1,1,7.5,2015,0,7,0,0,2,0,,13,9,6,,,0,,0,,,,,,
FPS,3,1,2,7.5,2015,2,0,7,0,0,0,,13,15,10,,,0,,0,,,,,,
FPS,3,1,3,7.5,2015,6,2,1,0,0,0,,20,9,6.5,,,0,,0,,,,,,
FPS,3,1,4,7.5,2015,7,2,0,0,0,0,,8,13,9,,,0,,0,,,,,,
FPS,3,2,1,32.5,2015,9,0,0,0,0,0,,13,19,13,,,0,,0,,,,,,
FPS,3,2,2,32.5,2015,7,2,0,0,0,0,,20.5,10,9,,,0,,0,,,,,,
FPS,3,2,3,32.5,2015,9,0,0,0,0,0,,9,12,12,Defiance,,1,,0,,,,,,
FPS,3,2,4,32.5,2015,9,0,0,0,0,0,,11,16.5,13,,,0,,0,,,,,,
FPS,3,3,1,37.5,2015,5,4,0,0,0,0,,15,7,6,,,0,,0,,,,,,
FPS,3,3,2,37.5,2015,3,6,0,0,0,0,,26,12,8,,,0,,0,,,,,,
FPS,3,3,3,37.5,2015,3,6,0,0,0,0,,10,13,12,,,0,,0,,,,,,
FPS,3,3,4,37.5,2015,0,9,0,0,0,0,,9,9,6,,,0,,0,,,,,,
FPS,3,4,1,52.5,2015,6,3,0,0,0,0,,9,12.5,7,,,0,,0,,,,,,
FPS,3,4,2,52.5,2015,5,4,0,0,0,0,,9,22,14,,,0,,0,,,,,,
FPS,3,4,3,52.5,2015,9,0,0,0,0,0,,8.5,11,8,,,0,,0,,,,,,
FPS,3,4,4,52.5,2015,4,5,0,0,0,0,,9,15,9,,,0,,0,,,,,,
FPS,3,5,1,67.5,2015,9,0,0,0,0,0,,12,9,5,,,0,,0,,,,,,
FPS,3,5,2,67.5,2015,9,0,0,0,0,0,,13,11,9,,,0,,0,,,,,,
FPS,3,5,3,67.5,2015,9,0,0,0,0,0,,9,15,11.5,,,0,,0,,,,,,
FPS,3,5,4,67.5,2015,8,1,0,0,0,0,,10,17.5,13.5,,,0,,0,,,,,,
FPS,3,6,1,72.5,2015,7,2,0,0,0,0,,7,3,2.5,,,0,,0,,,,,,
FPS,3,6,2,72.5,2015,4,5,0,0,0,0,,8,24,10,,,0,,0,,,,,,
FPS,3,6,3,72.5,2015,8,1,0,0,0,0,,14,15,11,,,0,"no leaves, but stem was green",0,,,,,,
FPS,3,6,4,72.5,2015,9,0,0,0,0,0,,13.5,13.5,6,,,0,,0,,,,,,
FPS,3,7,1,152.5,2015,7,2,0,0,0,0,,18,19,11,,,0,,0,,,,,,
FPS,3,7,2,152.5,2015,9,0,0,0,0,0,,12,16.5,7,,,0,,0,,,,,,
FPS,3,7,3,152.5,2015,5,4,0,0,0,0,,21,13,8,,,0,,0,,,,,,
FPS,3,7,4,152.5,2015,9,0,0,0,0,0,,7,13,8,,,0,,0,,,,,,
FPS,3,8,1,162.5,2015,8,0,1,0,0,0,,8,12,5,,,0,,0,,,,,,
FPS,3,8,2,162.5,2015,4,0,5,0,0,0,,14,6,4.5,,,0,,0,,,,,,
FPS,3,8,3,162.5,2015,4,0,5,0,0,0,,14.5,17,13,,,0,,0,,,,,,
FPS,3,8,4,162.5,2015,2,0,7,0,0,0,,8,14,7,,,0,,0,,,,,,
FPS,3,9,1,212.5,2015,7,0,2,0,0,0,,11,10,8,,,0,,0,,,,,,
FPS,3,9,2,212.5,2015,3,3,3,0,0,0,,6,12,6,,,0,,0,,,,,,
FPS,3,9,3,212.5,2015,8,0,1,0,0,0,,11,12,11,,,0,,0,,,,,,
FPS,3,9,4,212.5,2015,7,2,0,0,0,0,,8,14.5,7,,,0,,0,,,,,,
FPS,3,10,1,322.5,2015,7,0,2,0,0,0,,15,13,11.5,,,0,,0,,,,,,
FPS,3,10,2,322.5,2015,4,0,5,0,0,0,,20.5,14,7,,,0,,0,,,,,,
FPS,3,10,3,322.5,2015,1,0,8,0,0,0,,19,10,5.5,,,0,,0,,,,,,
FPS,3,10,4,322.5,2015,6,0,3,0,0,0,,15,17,15,,,0,,0,,,,,,
FPS,3,11,1,402.5,2015,5,0,4,0,0,0,,9.5,9.5,4,,,0,,0,,,,,,
FPS,3,11,2,402.5,2015,4,0,5,0,0,0,,13,18.5,15,,,0,,0,,,,,,
FPS,3,11,3,402.5,2015,0,0,2,0,0,7,Athratplx (salt bush),15,16.5,15.5,,,0,,0,,,,,,
FPS,3,11,4,402.5,2015,3,0,4,0,0,2,Athratplx (salt bush),7,11,8.5,,,0,,0,,,,,,
FPS,3,12,1,552.5,2015,5,0,4,0,0,0,,11,10.5,6,,,0,,0,,,,,,
FPS,3,12,2,552.5,2015,7,0,2,0,0,0,,13,15,7.5,,,0,,0,,,,,,
FPS,3,12,3,552.5,2015,5,0,4,0,0,0,,15,16,7.5,,,0,,0,,,,,,
FPS,3,12,4,552.5,2015,4,0,5,0,0,0,,21,11,8,,,0,,0,,,,,,
MOD,1,1,1,2.5,2015,2,1,0,0,6,0,,12,11,8,,,0,,0,,,,,,
MOD,1,1,2,2.5,2015,7,1,0,0,0,1,Mequite,13,14.5,9,,,0,,0,,,,,,
MOD,1,1,3,2.5,2015,3,2,0,0,4,0,,8.5,12,8,,,0,,0,,,,,,
MOD,1,1,4,2.5,2015,3,6,0,0,0,0,,11.5,17,12,,,0,,0,,,,,,
MOD,1,2,1,7.5,2015,8,1,0,0,0,0,,12,18,9,,,0,,0,,,,,,
MOD,1,2,2,7.5,2015,9,0,0,0,0,0,,10.5,22,6,,,0,,0,,,,,,
MOD,1,2,3,7.5,2015,8,1,0,0,0,0,,13,14,12,,,0,,0,,,,,,
MOD,1,2,4,7.5,2015,9,0,0,0,0,0,,9,16,9,,,0,,0,,,,,,
MOD,1,3,1,12.5,2015,5,4,0,0,0,0,,9,16.5,15,,,0,,0,,,,,,
MOD,1,3,2,12.5,2015,7,2,0,0,0,0,,8.5,14,8,,,0,,0,,,,,,
MOD,1,3,3,12.5,2015,9,0,0,0,0,0,,11,11,6.5,,,0,,0,,,,,,
MOD,1,3,4,12.5,2015,9,0,0,0,0,0,,12,8,11.5,,,0,,0,,,,,,
MOD,1,4,1,17.5,2015,0,5,0,0,4,0,,14.5,12.5,8,,,0,,0,,,,,,
MOD,1,4,2,17.5,2015,7,0,0,0,2,0,,23,16,10,,,0,,0,,,,,,
MOD,1,4,3,17.5,2015,3,4,0,0,2,0,,13.5,13,11,,,0,,0,,,,,,
MOD,1,4,4,17.5,2015,3,2,0,0,4,0,,14,19,9,,,0,,0,,,,,,
MOD,1,5,1,32.5,2015,9,0,0,0,0,0,,8,12,6.5,,,0,,0,,,,,,
MOD,1,5,2,32.5,2015,9,0,0,0,0,0,,4.5,7.5,7.5,,,0,,0,,,,,,
MOD,1,5,3,32.5,2015,9,0,0,0,0,0,,15,14.5,70.5,,,0,,0,,,,,,
MOD,1,5,4,32.5,2015,8,0,0,0,1,0,,8,20.5,17,,,0,,0,,,,,,
MOD,1,6,1,47.5,2015,8,0,0,0,1,0,,13,14,6,,,0,,0,,,,,,
MOD,1,6,2,47.5,2015,4,5,0,0,0,0,,10,13,12.5,,,0,,0,,,,,,
MOD,1,6,3,47.5,2015,9,0,0,0,0,0,,14,10,4,,,0,,0,,,,,,
MOD,1,6,4,47.5,2015,2,7,0,0,0,0,,10,13,5,,,0,,0,,,,,,
MOD,1,7,1,67.5,2015,3,3,0,0,3,0,,27,8.5,4,,,0,,0,,,,,,
MOD,1,7,2,67.5,2015,0,9,0,0,0,0,,11,17,8,,,0,,0,,,,,,
MOD,1,7,3,67.5,2015,4,1,0,0,4,0,,9.5,12,8.5,,,0,,0,,,,,,
MOD,1,7,4,67.5,2015,3,6,0,0,0,0,,10,12.5,11,,,0,,0,,,,,,
MOD,1,8,1,82.5,2015,9,0,0,0,0,0,,10,13,12,,,0,,0,,,,,,
MOD,1,8,2,82.5,2015,6,0,0,0,0,3,yucca,11,21,11,,,0,,0,,,,,,
MOD,1,8,3,82.5,2015,8,0,0,0,1,0,,8.5,10,9,,,0,,0,,,,,,
MOD,1,8,4,82.5,2015,9,0,0,0,0,0,,7.5,11,6,,,1,,0,,,,,,
MOD,1,9,1,107.5,2015,0,0,9,0,0,0,,12,13.5,6.5,,,0,,0,,,,,,
MOD,1,9,2,107.5,2015,5,0,4,0,0,0,,16,10,8,,,0,,0,,,,,,
MOD,1,9,3,107.5,2015,7,0,2,0,0,0,,10,19,10,,,0,,0,,,,,,
MOD,1,9,4,107.5,2015,3,0,6,0,0,0,,11,14,9,,,0,,0,,,,,,
MOD,1,10,1,167.5,2015,7,0,2,0,0,0,,10,18,11,,,1,,0,,,,,,
MOD,1,10,2,167.5,2015,9,0,0,0,0,0,,11,14,9,,,0,,0,,,,,,
MOD,1,10,3,167.5,2015,6,0,3,0,0,0,,10,14,12,,,0,,0,,,,,,
MOD,1,10,4,167.5,2015,9,0,0,0,0,0,,12.5,11.5,11,,,0,,0,,,,,,
MOD,1,11,1,207.5,2015,8,0,0,0,0,1,Guttierize,21.5,14,8,,,0,,0,,,,,,
MOD,1,11,2,207.5,2015,3,0,4,0,0,2,Guttierize,15,10,10,,,0,,0,,,,,,
MOD,1,11,3,207.5,2015,4,0,4,0,0,1,Guttierize,14,13,7.5,,,0,,0,,,,,,
MOD,1,11,4,207.5,2015,2,0,6,0,0,1,Guttierize,11.5,15.5,6.5,,,0,,0,,,,,,
MOD,1,12,1,317.5,2015,1,0,6,0,2,0,,11,22,11,Natalie Wood,,0,,0,,,,,,
MOD,1,12,2,317.5,2015,7,0,0,0,2,0,,5.5,16.5,11,,,0,,0,,,,,,
MOD,1,12,3,317.5,2015,5,0,0,0,4,0,,6.5,16.5,17,Woodrow Wilson,,0,,0,,,,,,
MOD,1,12,4,317.5,2015,6,0,0,0,3,0,,20,21,10,,,0,,0,,,,,,
MOD,2,1,1,2.5,2015,7,0,0,0,0,2,opuntia,17,13,7,,,0,,0,,,,,,
MOD,2,1,2,2.5,2015,9,0,0,0,0,0,,15,16,8,,,0,,0,,,,,,
MOD,2,1,3,2.5,2015,6,3,0,0,0,0,,7.5,16,7,,,0,,0,,,,,,
MOD,2,1,4,2.5,2015,9,0,0,0,0,0,,16,21,8,,,0,,0,,,,,,
MOD,2,2,1,7.5,2015,9,0,0,0,0,0,,12,13,7,,,0,,0,,,,,,
MOD,2,2,2,7.5,2015,4,5,0,0,0,0,,6,21,8.5,,,0,,0,,,,,,
MOD,2,2,3,7.5,2015,4,4,0,0,1,0,,11,12,9.5,,,0,,0,,,,,,
MOD,2,2,4,7.5,2015,0,9,0,0,0,0,,10.5,13.5,9,,,0,,0,,,,,,
MOD,2,3,1,12.5,2015,7,2,0,0,0,0,,8.5,11,5.5,,,0,,0,,,,,,
MOD,2,3,2,12.5,2015,6,3,0,0,0,0,,8.5,8,6,,,0,,0,,,,,,
MOD,2,3,3,12.5,2015,0,9,0,0,0,0,,15,14,6,,,0,,0,,,,,,
MOD,2,3,4,12.5,2015,1,8,0,0,0,0,,22,13,7,,,0,,0,,,,,,
MOD,2,4,1,22.5,2015,9,0,0,0,0,0,,10,19,12,,,0,,0,,,,,,
MOD,2,4,2,22.5,2015,9,0,0,0,0,0,,14.5,15,8,,,0,,0,,,,,,
MOD,2,4,3,22.5,2015,9,0,0,0,0,0,,9.5,17,12,,,0,,0,,,,,,
MOD,2,4,4,22.5,2015,7,0,0,0,2,0,,11.5,13,10,,,0,,0,,,,,,
MOD,2,5,1,32.5,2015,4,3,0,0,2,0,,13,22,11,,,0,,0,,,,,,
MOD,2,5,2,32.5,2015,4,0,0,0,5,0,,9,14.5,13,,,0,,0,,,,,,
MOD,2,5,3,32.5,2015,5,0,0,0,4,0,,11,15,14,,,0,,0,,,,,,
MOD,2,5,4,32.5,2015,6,0,0,0,3,0,,11,14.5,8,,,0,,0,,,,,,
MOD,2,6,1,67.5,2015,8,0,1,0,0,0,,13,13,9,,,0,,0,,,,,,
MOD,2,6,2,67.5,2015,3,0,6,0,0,0,,13.5,19,8,,,0,,0,,,,,,
MOD,2,6,3,67.5,2015,6,0,0,0,3,0,,19,14,11,,,0,,0,,,,,,
MOD,2,6,4,67.5,2015,6,0,0,0,3,0,,13,18,8,,,0,,0,,,,,,
MOD,2,7,1,72.5,2015,4,0,2,0,3,0,,9.5,16.5,10,,,0,,0,,,,,,
MOD,2,7,2,72.5,2015,6,0,0,0,3,0,,12,23.5,8,,,0,,0,,,,,,
MOD,2,7,3,72.5,2015,8,0,1,0,0,0,,10,17.5,10.5,,,0,,0,,,,,,
MOD,2,7,4,72.5,2015,7,0,0,0,2,0,,15,14,13,,,0,,0,,,,,,
MOD,2,8,1,102.5,2015,4,0,5,0,0,0,,8,13,10.5,,,0,,0,,,,,,
MOD,2,8,2,102.5,2015,3,0,6,0,0,0,,6.5,11,4,,,0,,0,,,,,,
MOD,2,8,3,102.5,2015,7,0,2,0,0,0,,9.5,21,14,,,0,,0,,,,,,
MOD,2,8,4,102.5,2015,4,0,5,0,0,0,,10.5,20,11,,,0,,0,,,,,,
MOD,2,9,1,152.5,2015,9,0,0,0,0,0,,13,14,7,,,0,,0,,,,,,
MOD,2,9,2,152.5,2015,5,0,4,0,0,0,,11,14,4,,,0,,0,,,,,,
MOD,2,9,3,152.5,2015,5,0,4,0,0,0,,18,8,8,,,1,,1,3,1.5,1.5,0,0,1
MOD,2,9,4,152.5,2015,4,0,5,0,0,0,,4,13,8.5,,,0,,0,,,,,,
MOD,2,10,1,187.5,2015,9,0,0,0,0,0,,12,18,14,,,0,,0,,,,,,
MOD,2,10,2,187.5,2015,9,0,0,0,0,0,,9.5,26,9.5,,,0,,0,,,,,,
MOD,2,10,3,187.5,2015,8,0,0,0,1,0,,10,17,8.5,,,0,,0,,,,,,
MOD,2,10,4,187.5,2015,7,0,0,0,2,0,,11.5,15.5,11,,,0,,0,,,,,,
MOD,2,11,1,202.5,2015,6,0,0,0,3,0,,3,14,7.5,,,0,,0,,,,,,
MOD,2,11,2,202.5,2015,7,0,0,0,2,0,,15.5,17,10,,,0,,0,,,,,,
MOD,2,11,3,202.5,2015,5,0,1,0,3,0,,11,18,6,,,0,,0,,,,,,
MOD,2,11,4,202.5,2015,7,0,0,0,2,0,,7.5,8,7.5,,,0,,0,,,,,,
MOD,2,12,1,262.5,2015,4,0,5,0,0,0,,11.5,11.5,8,,,0,,0,,,,,,
MOD,2,12,2,262.5,2015,3,0,6,0,0,0,,6,8,5,,,0,,0,,,,,,
MOD,2,12,3,262.5,2015,6,0,3,0,0,0,,15,14,6.5,Anne Boyeln,,0,,0,,,,,,
MOD,2,12,4,262.5,2015,6,0,3,0,0,0,,9,17,13,,,0,,0,,,,,,
MOD,3,1,1,22.5,2015,6,3,0,0,0,0,,14.5,11,9,,,0,,0,,,,,,
MOD,3,1,2,22.5,2015,2,7,0,0,0,0,,11.5,10.5,8,,,0,,0,,,,,,
MOD,3,1,3,22.5,2015,1,8,0,0,0,0,,12,15.5,8,,,0,,0,,,,,,
MOD,3,1,4,22.5,2015,7,2,0,0,0,0,,9,17,9.5,,,0,,0,,,,,,
MOD,3,2,1,42.5,2015,2,6,0,0,1,0,,14,12.5,6,,,0,,0,,,,,,
MOD,3,2,2,42.5,2015,7,1,0,0,1,0,,7.5,12,9.5,,,0,,0,,,,,,
MOD,3,2,3,42.5,2015,7,2,0,0,0,0,,9,20,10,,,0,,0,,,,,,
MOD,3,2,4,42.5,2015,6,2,0,0,1,0,,5,21,10,,,0,,0,,,,,,
MOD,3,3,1,52.5,2015,1,8,0,0,0,0,,9,18,11,,,0,,0,,,,,,
MOD,3,3,2,52.5,2015,9,0,0,0,0,0,,15.5,17,13,,,0,,0,,,,,,
MOD,3,3,3,52.5,2015,2,7,0,0,0,0,Tom said she will survive,11,15,10,Lucifer (aka Lucy),,0,,0,,,,,,
MOD,3,3,4,52.5,2015,9,0,0,0,0,0,,9.5,15.5,10,,,0,,0,,,,,,
MOD,3,4,1,57.5,2015,9,0,0,0,0,0,,12,10,12,,,0,,0,,,,,,
MOD,3,4,2,57.5,2015,9,0,0,0,0,0,,8,18,8,,,0,,0,,,,,,
MOD,3,4,3,57.5,2015,9,0,0,0,0,0,,15,11,6,,,1,,0,,,,,,
MOD,3,4,4,57.5,2015,9,0,0,0,0,0,,14.5,13.5,11,,,0,,0,,,,,,
MOD,3,5,1,72.5,2015,8,0,0,0,0,1,clovata (cacti),7,14,13.5,,,0,,0,,,,,,
MOD,3,5,2,72.5,2015,9,0,0,0,0,0,,9,13,6,,,0,,0,,,,,,
MOD,3,5,3,72.5,2015,9,0,0,0,0,0,,12,16,11,,,0,,0,,,,,,
MOD,3,5,4,72.5,2015,9,0,0,0,0,0,,11,11,11,,,0,,0,,,,,,
MOD,3,6,1,97.5,2015,9,0,0,0,0,0,,13,10,6,,,0,,0,,,,,,
MOD,3,6,2,97.5,2015,9,0,0,0,0,0,,21,16,12,,,0,,0,,,,,,
MOD,3,6,3,97.5,2015,9,0,0,0,0,0,,6,11.5,8,,,0,,0,,,,,,
MOD,3,6,4,97.5,2015,7,2,0,0,0,0,,13,13,10.5,,,0,,0,,,,,,
MOD,3,7,1,102.5,2015,9,0,0,0,0,0,,9,9,4,,,0,,0,,,,,,
MOD,3,7,2,102.5,2015,7,2,0,0,0,0,,7,19,9,,,0,,0,,,,,,
MOD,3,7,3,102.5,2015,8,1,0,0,0,0,,8,10,7.5,,,0,,0,,,,,,
MOD,3,7,4,102.5,2015,5,4,0,0,0,0,,7,18.5,11,,,0,,0,,,,,,
MOD,3,8,1,107.5,2015,9,0,0,0,0,0,,8,12,6,,,0,,0,,,,,,
MOD,3,8,2,107.5,2015,9,0,0,0,0,0,,9,8.5,5,,,0,,0,,,,,,
MOD,3,8,3,107.5,2015,9,0,0,0,0,0,,12.5,14,10.5,,,0,,0,,,,,,
MOD,3,8,4,107.5,2015,9,0,0,0,0,0,,7,16,9.5,,,0,,0,,,,,,
MOD,3,9,1,157.5,2015,4,0,5,0,0,0,,10,13,5,,,0,,0,,,,,,
MOD,3,9,2,157.5,2015,7,0,2,0,0,0,,12,17,12,,,0,,0,,,,,,
MOD,3,9,3,157.5,2015,3,0,6,0,0,0,,8.5,11,7.5,,,0,,0,,,,,,
MOD,3,9,4,157.5,2015,3,0,6,0,0,0,,9.5,10,3.5,,,0,,0,,,,,,
MOD,3,10,1,187.5,2015,4,0,5,0,0,0,,16,14,8.5,,,0,,0,,,,,,
MOD,3,10,2,187.5,2015,8,0,1,0,0,0,,8,14,10,,,0,,0,,,,,,
MOD,3,10,3,187.5,2015,4,0,5,0,0,0,,7,6,3.5,,,0,,0,,,,,,
MOD,3,10,4,187.5,2015,4,0,5,0,0,0,,10,13,10,,,0,,0,,,,,,
MOD,3,11,1,322.5,2015,5,0,3,1,0,0,,8,15,9,,,0,,0,,,,,,
MOD,3,11,2,322.5,2015,4,0,5,0,0,0,,16,17.5,10,,,0,,0,,,,,,
MOD,3,11,3,322.5,2015,5,0,4,0,0,0,,11,15.5,8,,,0,,0,,,,,,
MOD,3,11,4,322.5,2015,0,0,9,0,0,0,,15,14,11,,,0,,0,,,,,,
MOD,3,12,1,387.5,2015,7,0,0,2,0,0,,9,9,4.5,,,0,,0,,,,,,
MOD,3,12,2,387.5,2015,6,0,0,0,3,0,,5,11,5,,,0,,0,,,,,,
MOD,3,12,3,387.5,2015,5,0,3,1,0,0,,15,13,6,,,0,,0,,,,,,
MOD,3,12,4,387.5,2015,4,0,0,3,2,0,,8.5,7,3,,,0,,0,,,,,,
SLP,1,1,1,2.5,2015,6,1,0,0,2,0,,13,20,9,,Plants for Transect 1 are marked with Transect 2's tags (eg S-2-x-x),0,,0,,,,,,
SLP,1,1,2,2.5,2015,8,1,0,0,0,0,,17,18,8,,Plants for Transect 1 are marked with Transect 2's tags (eg S-2-x-x),0,,0,,,,,,
SLP,1,1,3,2.5,2015,1,4,0,0,4,0,,13,15,11,,Plants for Transect 1 are marked with Transect 2's tags (eg S-2-x-x),0,,0,,,,,,
SLP,1,1,4,2.5,2015,3,4,0,0,2,0,,20,12,10.5,,Plants for Transect 1 are marked with Transect 2's tags (eg S-2-x-x),0,,0,,,,,,
SLP,1,2,1,7.5,2015,6,3,0,0,0,0,,18,18,14,,Plants for Transect 1 are marked with Transect 2's tags (eg S-2-x-x),0,,0,,,,,,
SLP,1,2,2,7.5,2015,6,3,0,0,0,0,,12,5.5,5,,Plants for Transect 1 are marked with Transect 2's tags (eg S-2-x-x),0,,0,,,,,,
SLP,1,2,3,7.5,2015,5,4,0,0,0,0,,15,15.5,8.5,,Plants for Transect 1 are marked with Transect 2's tags (eg S-2-x-x),0,,0,,,,,,
SLP,1,2,4,7.5,2015,1,8,0,0,0,0,,17,11,10,,Plants for Transect 1 are marked with Transect 2's tags (eg S-2-x-x),0,,0,,,,,,
SLP,1,3,1,22.5,2015,9,0,0,0,0,0,,11,10.5,8,,Plants for Transect 1 are marked with Transect 2's tags (eg S-2-x-x),0,,0,,,,,,
SLP,1,3,2,22.5,2015,9,0,0,0,0,0,,7.5,13,6,,Plants for Transect 1 are marked with Transect 2's tags (eg S-2-x-x),0,,0,,,,,,
SLP,1,3,3,22.5,2015,9,0,0,0,0,0,,10,24,16,,Plants for Transect 1 are marked with Transect 2's tags (eg S-2-x-x),0,,0,,,,,,
SLP,1,3,4,22.5,2015,6,3,0,0,0,0,,20,14,12,,Plants for Transect 1 are marked with Transect 2's tags (eg S-2-x-x),0,,0,,,,,,
SLP,1,4,1,37.5,2015,5,4,0,0,0,0,,6,14,9.5,,Plants for Transect 1 are marked with Transect 2's tags (eg S-2-x-x),0,,0,,,,,,
SLP,1,4,2,37.5,2015,0,0,0,0,9,0,,12,11,9,,Plants for Transect 1 are marked with Transect 2's tags (eg S-2-x-x),0,,0,,,,,,
SLP,1,4,3,37.5,2015,5,4,0,0,0,0,,12.5,13,9,,Plants for Transect 1 are marked with Transect 2's tags (eg S-2-x-x),0,,0,,,,,,
SLP,1,4,4,37.5,2015,0,6,0,0,3,0,,9,11,6,,Plants for Transect 1 are marked with Transect 2's tags (eg S-2-x-x),0,,0,,,,,,
SLP,1,5,1,102.5,2015,6,0,0,0,0,3,Forb,11,15.5,4.5,,Plants for Transect 1 are marked with Transect 2's tags (eg S-2-x-x),0,,0,,,,,,
SLP,1,5,2,102.5,2015,7,0,2,0,0,0,,12,13,8,,Plants for Transect 1 are marked with Transect 2's tags (eg S-2-x-x),0,,0,,,,,,
SLP,1,5,3,102.5,2015,8,0,0,0,1,0,,10,21.5,9,,Plants for Transect 1 are marked with Transect 2's tags (eg S-2-x-x),0,,0,,,,,,
SLP,1,5,4,102.5,2015,9,0,0,0,0,0,,11,13,10,,Plants for Transect 1 are marked with Transect 2's tags (eg S-2-x-x),0,,0,,,,,,
SLP,1,6,1,128.5,2015,2,7,0,0,0,0,,11,19,4.5,,Plants for Transect 1 are marked with Transect 2's tags (eg S-2-x-x),0,,0,,,,,,
SLP,1,6,2,128.5,2015,1,8,0,0,0,0,,8.5,13,8,,Plants for Transect 1 are marked with Transect 2's tags (eg S-2-x-x),0,,0,,,,,,
SLP,1,6,3,128.5,2015,0,9,0,0,0,0,,9,8,4,,Plants for Transect 1 are marked with Transect 2's tags (eg S-2-x-x),0,,0,,,,,,
SLP,1,6,4,128.5,2015,0,9,0,0,0,0,,12,12.5,7,,Plants for Transect 1 are marked with Transect 2's tags (eg S-2-x-x),0,,0,,,,,,
SLP,1,7,1,132.5,2015,9,0,0,0,0,0,,15,14.5,7,,Plants for Transect 1 are marked with Transect 2's tags (eg S-2-x-x),0,,0,,,,,,
SLP,1,7,2,132.5,2015,9,0,0,0,0,0,,6.5,14,9,,Plants for Transect 1 are marked with Transect 2's tags (eg S-2-x-x),0,,0,,,,,,
SLP,1,7,3,132.5,2015,9,0,0,0,0,0,,7,9,6.5,,Plants for Transect 1 are marked with Transect 2's tags (eg S-2-x-x),0,,0,,,,,,
SLP,1,7,4,132.5,2015,8,0,1,0,0,0,,10,20,15,,Plants for Transect 1 are marked with Transect 2's tags (eg S-2-x-x),0,,0,,,,,,
SLP,1,8,1,212.5,2015,1,0,8,0,0,0,,8,11,7,,Plants for Transect 1 are marked with Transect 2's tags (eg S-2-x-x),0,,0,,,,,,
SLP,1,8,2,212.5,2015,4,0,4,0,0,1,Forb,15,7.5,5.5,,Plants for Transect 1 are marked with Transect 2's tags (eg S-2-x-x),0,,0,,,,,,
SLP,1,8,3,212.5,2015,5,0,4,0,0,0,,9,14,6,,Plants for Transect 1 are marked with Transect 2's tags (eg S-2-x-x),0,,0,,,,,,
SLP,1,8,4,212.5,2015,5,0,4,0,0,0,,7,9,6,,Plants for Transect 1 are marked with Transect 2's tags (eg S-2-x-x),0,,0,,,,,,
SLP,1,9,1,297.5,2015,0,9,0,0,0,0,,10,10,8,,Plants for Transect 1 are marked with Transect 2's tags (eg S-2-x-x),0,,0,,,,,,
SLP,1,9,2,297.5,2015,0,9,0,0,0,0,,10.5,8,6.5,,Plants for Transect 1 are marked with Transect 2's tags (eg S-2-x-x),0,,0,,,,,,
SLP,1,9,3,297.5,2015,0,9,0,0,0,0,,13,8,5,,Plants for Transect 1 are marked with Transect 2's tags (eg S-2-x-x),0,,0,,,,,,
SLP,1,9,4,297.5,2015,3,3,0,0,3,0,,8,12,10,,Plants for Transect 1 are marked with Transect 2's tags (eg S-2-x-x),0,,0,,,,,,
SLP,1,10,1,312.5,2015,0,9,0,0,0,0,,18,11,7,,Plants for Transect 1 are marked with Transect 2's tags (eg S-2-x-x),0,,0,,,,,,
SLP,1,10,2,312.5,2015,3,6,0,0,0,0,,14,13,10.5,,Plants for Transect 1 are marked with Transect 2's tags (eg S-2-x-x),0,,0,,,,,,
SLP,1,10,3,312.5,2015,7,0,0,2,0,0,,10,11,7,,Plants for Transect 1 are marked with Transect 2's tags (eg S-2-x-x),0,,0,,,,,,
SLP,1,10,4,312.5,2015,4,2,0,3,0,0,,14,17,8,,Plants for Transect 1 are marked with Transect 2's tags (eg S-2-x-x),0,,0,,,,,,
SLP,1,11,1,442.5,2015,8,0,0,0,1,0,,12,14,11.5,Woody Harrelson,Plants for Transect 1 are marked with Transect 2's tags (eg S-2-x-x),0,,0,,,,,,
SLP,1,11,2,442.5,2015,8,0,0,0,1,0,,7,18.5,9.5,,Plants for Transect 1 are marked with Transect 2's tags (eg S-2-x-x),0,,0,,,,,,
SLP,1,11,3,442.5,2015,5,0,0,0,4,0,,10.5,16,11,,Plants for Transect 1 are marked with Transect 2's tags (eg S-2-x-x),0,,0,,,,,,
SLP,1,11,4,442.5,2015,9,0,0,0,0,0,,7,20,6,,Plants for Transect 1 are marked with Transect 2's tags (eg S-2-x-x),0,,0,,,,,,
SLP,1,12,1,447.5,2015,9,0,0,0,0,0,,10,11,10,,Plants for Transect 1 are marked with Transect 2's tags (eg S-2-x-x),0,,0,,,,,,
SLP,1,12,2,447.5,2015,9,0,0,0,0,0,,15,18,9,,Plants for Transect 1 are marked with Transect 2's tags (eg S-2-x-x),0,,0,,,,,,
SLP,1,12,3,447.5,2015,9,0,0,0,0,0,,14,14.5,9.5,,Plants for Transect 1 are marked with Transect 2's tags (eg S-2-x-x),0,,0,,,,,,
SLP,1,12,4,447.5,2015,9,0,0,0,0,0,,18,17,6,,Plants for Transect 1 are marked with Transect 2's tags (eg S-2-x-x),0,,0,,,,,,
SLP,2,1,1,2.5,2015,9,0,0,0,0,0,,10,11.5,8,,Plants for Transect 2 are marked with Transect 1's tags (eg S-1-x-x),0,,0,,,,,,
SLP,2,1,2,2.5,2015,9,0,0,0,0,0,,11,18,11,,Plants for Transect 2 are marked with Transect 1's tags (eg S-1-x-x),0,,0,,,,,,
SLP,2,1,3,2.5,2015,9,0,0,0,0,0,,10,15,9,,Plants for Transect 2 are marked with Transect 1's tags (eg S-1-x-x),0,,0,,,,,,
SLP,2,1,4,2.5,2015,9,0,0,0,0,0,,13,17,8,,Plants for Transect 2 are marked with Transect 1's tags (eg S-1-x-x),0,,0,,,,,,
SLP,2,2,1,7.5,2015,7,2,0,0,0,0,,8,12,9,,Plants for Transect 2 are marked with Transect 1's tags (eg S-1-x-x),0,,0,,,,,,
SLP,2,2,2,7.5,2015,1,8,0,0,0,0,,10,15,7,,Plants for Transect 2 are marked with Transect 1's tags (eg S-1-x-x),0,,0,,,,,,
SLP,2,2,3,7.5,2015,9,0,0,0,0,0,,13,15,10,,Plants for Transect 2 are marked with Transect 1's tags (eg S-1-x-x),0,,0,,,,,,
SLP,2,2,4,7.5,2015,9,0,0,0,0,0,,8,9,9,,Plants for Transect 2 are marked with Transect 1's tags (eg S-1-x-x),0,,0,,,,,,
SLP,2,3,1,12.5,2015,0,9,0,0,0,0,,11.5,17,12.5,,Plants for Transect 2 are marked with Transect 1's tags (eg S-1-x-x),0,,0,,,,,,
SLP,2,3,2,12.5,2015,3,6,0,0,0,0,,15,14,8,,Plants for Transect 2 are marked with Transect 1's tags (eg S-1-x-x),0,,0,,,,,,
SLP,2,3,3,12.5,2015,5,4,0,0,0,0,,11.5,19,17,,Plants for Transect 2 are marked with Transect 1's tags (eg S-1-x-x),0,,0,,,,,,
SLP,2,3,4,12.5,2015,7,2,0,0,0,0,,15,25,19,,Plants for Transect 2 are marked with Transect 1's tags (eg S-1-x-x),0,,0,,,,,,
SLP,2,4,1,17.5,2015,7,2,0,0,0,0,,25,21,11,,Plants for Transect 2 are marked with Transect 1's tags (eg S-1-x-x),0,,0,,,,,,
SLP,2,4,2,17.5,2015,5,4,0,0,0,0,,8,14,8,,Plants for Transect 2 are marked with Transect 1's tags (eg S-1-x-x),0,,0,,,,,,
SLP,2,4,3,17.5,2015,9,0,0,0,0,0,,10,11,8,,Plants for Transect 2 are marked with Transect 1's tags (eg S-1-x-x),0,,0,,,,,,
SLP,2,4,4,17.5,2015,7,2,0,0,0,0,,6,14,9,,Plants for Transect 2 are marked with Transect 1's tags (eg S-1-x-x),0,,0,,,,,,
SLP,2,5,1,37.5,2015,2,6,0,0,0,1,Forb,11,8,4,,Plants for Transect 2 are marked with Transect 1's tags (eg S-1-x-x),0,,0,,,,,,
SLP,2,5,2,37.5,2015,6,0,0,0,3,0,,12,11,5.5,,Plants for Transect 2 are marked with Transect 1's tags (eg S-1-x-x),0,,0,,,,,,
SLP,2,5,3,37.5,2015,8,0,0,0,0,1,Forb,13,11.5,5.5,,Plants for Transect 2 are marked with Transect 1's tags (eg S-1-x-x),0,,0,,,,,,
SLP,2,5,4,37.5,2015,5,0,0,0,3,1,Forb,13,20,8,,Plants for Transect 2 are marked with Transect 1's tags (eg S-1-x-x),0,,0,,,,,,
SLP,2,6,1,82.5,2015,9,0,0,0,0,0,,6,7,8,,Plants for Transect 2 are marked with Transect 1's tags (eg S-1-x-x),0,,0,,,,,,
SLP,2,6,2,82.5,2015,9,0,0,0,0,0,,11,12,10,,Plants for Transect 2 are marked with Transect 1's tags (eg S-1-x-x),0,,0,,,,,,
SLP,2,6,3,82.5,2015,9,0,0,0,0,0,,7,10,6,,Plants for Transect 2 are marked with Transect 1's tags (eg S-1-x-x),0,,0,,,,,,
SLP,2,6,4,82.5,2015,9,0,0,0,0,0,,12,15,10,,Plants for Transect 2 are marked with Transect 1's tags (eg S-1-x-x),0,,0,,,,,,
SLP,2,7,1,112.5,2015,0,9,0,0,0,0,,11,16.5,11,,Plants for Transect 2 are marked with Transect 1's tags (eg S-1-x-x),0,,0,,,,,,
SLP,2,7,2,112.5,2015,6,0,0,0,0,3,Yucca,11,13.5,6,,Plants for Transect 2 are marked with Transect 1's tags (eg S-1-x-x),0,,0,,,,,,
SLP,2,7,3,112.5,2015,3,6,0,0,0,0,,9,12,7,,Plants for Transect 2 are marked with Transect 1's tags (eg S-1-x-x),0,,0,,,,,,
SLP,2,7,4,112.5,2015,9,0,0,0,0,0,,12,19,14,,Plants for Transect 2 are marked with Transect 1's tags (eg S-1-x-x),0,,0,,,,,,
SLP,2,8,1,137.5,2015,5,0,4,0,0,0,,10,11,6,,Plants for Transect 2 are marked with Transect 1's tags (eg S-1-x-x),0,,0,,,,,,
SLP,2,8,2,137.5,2015,1,0,8,0,0,0,,19,12.5,7,,Plants for Transect 2 are marked with Transect 1's tags (eg S-1-x-x),0,,0,,,,,,
SLP,2,8,3,137.5,2015,8,0,1,0,0,0,,15,16,12,,Plants for Transect 2 are marked with Transect 1's tags (eg S-1-x-x),0,,0,,,,,,
SLP,2,8,4,137.5,2015,1,0,8,0,0,0,,13,14,11,,Plants for Transect 2 are marked with Transect 1's tags (eg S-1-x-x),0,,0,,,,,,
SLP,2,9,1,182.5,2015,9,0,0,0,0,0,,13,17.5,7.5,,Plants for Transect 2 are marked with Transect 1's tags (eg S-1-x-x),0,,0,,,,,,
SLP,2,9,2,182.5,2015,1,0,8,0,0,0,,14,15,10,,Plants for Transect 2 are marked with Transect 1's tags (eg S-1-x-x),0,,0,,,,,,
SLP,2,9,3,182.5,2015,4,0,5,0,0,0,,8,10,6.5,,Plants for Transect 2 are marked with Transect 1's tags (eg S-1-x-x),0,,0,,,,,,
SLP,2,9,4,182.5,2015,8,0,1,0,0,0,,12.5,12.5,9.5,,Plants for Transect 2 are marked with Transect 1's tags (eg S-1-x-x),0,,0,,,,,,
SLP,2,10,1,258.5,2015,7,0,2,0,0,0,,10,13,9.5,,Plants for Transect 2 are marked with Transect 1's tags (eg S-1-x-x),0,,0,,,,,,
SLP,2,10,2,258.5,2015,6,0,3,0,0,0,,9.5,14,11,,Plants for Transect 2 are marked with Transect 1's tags (eg S-1-x-x),0,,0,,,,,,
SLP,2,10,3,258.5,2015,6,0,3,0,0,0,,12,16,9,,Plants for Transect 2 are marked with Transect 1's tags (eg S-1-x-x),0,,0,,,,,,
SLP,2,10,4,258.5,2015,6,0,0,0,3,0,,15,21.5,11,,Plants for Transect 2 are marked with Transect 1's tags (eg S-1-x-x),0,,0,,,,,,
SLP,2,11,1,277.5,2015,5,0,0,0,4,0,,17,11,10.5,,Plants for Transect 2 are marked with Transect 1's tags (eg S-1-x-x),0,,0,,,,,,
SLP,2,11,2,277.5,2015,6,0,0,2,1,0,,18,11.5,7,,Plants for Transect 2 are marked with Transect 1's tags (eg S-1-x-x),0,,0,,,,,,
SLP,2,11,3,277.5,2015,7,0,0,2,0,0,,6,15,13,,Plants for Transect 2 are marked with Transect 1's tags (eg S-1-x-x),0,,0,,,,,,
SLP,2,11,4,277.5,2015,6,0,0,2,1,0,,13,11,6,,Plants for Transect 2 are marked with Transect 1's tags (eg S-1-x-x),0,,0,,,,,,
SLP,2,12,1,497.5,2015,7,0,1,0,0,1,Forb,18,13,7,,Plants for Transect 2 are marked with Transect 1's tags (eg S-1-x-x),0,,0,,,,,,
SLP,2,12,2,497.5,2015,7,0,1,0,0,1,Forb,13,10,8,,Plants for Transect 2 are marked with Transect 1's tags (eg S-1-x-x),0,,0,,,,,,
SLP,2,12,3,497.5,2015,7,0,2,0,0,0,,8,13,6,,Plants for Transect 2 are marked with Transect 1's tags (eg S-1-x-x),0,,0,,,,,,
SLP,2,12,4,497.5,2015,6,0,2,0,0,1,Forb,9,12,9.5,,Plants for Transect 2 are marked with Transect 1's tags (eg S-1-x-x),0,,0,,,,,,
SLP,3,1,1,17.5,2015,5,0,0,0,4,0,,11,11,9.5,,,0,,0,,,,,,
SLP,3,1,2,17.5,2015,5,0,0,0,4,0,,17,12,9,,,0,,0,,,,,,
SLP,3,1,3,17.5,2015,7,1,1,0,0,0,,8,19,6.5,,,0,,0,,,,,,
SLP,3,1,4,17.5,2015,4,2,0,0,3,0,,15,12,11,,,0,,0,,,,,,
SLP,3,2,1,22.5,2015,5,0,0,0,2,2,Spirobolis; forb,31,28,7,,,0,,0,,,,,,
SLP,3,2,2,22.5,2015,6,0,0,0,3,0,Spirobolis,11.5,15.5,5,,,0,,0,,,,,,
SLP,3,2,3,22.5,2015,5,0,0,0,4,0,Spirobolis,12,10,5,,,0,,0,,,,,,
SLP,3,2,4,22.5,2015,5,0,0,0,4,0,Spirobolis,7,13,6.5,,,0,,0,,,,,,
SLP,3,3,1,27.5,2015,5,2,0,0,2,0,,9,13,8.5,,,0,,0,,,,,,
SLP,3,3,2,27.5,2015,3,6,0,0,0,0,,12,12,6,,,0,,0,,,,,,
SLP,3,3,3,27.5,2015,8,0,0,0,0,1,Forb,7,12,11,,,0,,0,,,,,,
SLP,3,3,4,27.5,2015,6,2,0,0,0,1,Forb,13,20,12,,,0,,0,,,,,,
SLP,3,4,1,32.5,2015,4,5,0,0,0,0,,13.5,12,7,,,0,,0,,,,,,
SLP,3,4,2,32.5,2015,5,0,0,0,4,0,,10,17,8.5,,,0,,0,,,,,,
SLP,3,4,3,32.5,2015,7,0,0,0,2,0,,12,18.5,18,,,0,,0,,,,,,
SLP,3,4,4,32.5,2015,5,0,0,0,3,1,Forb,6,11,8,,,0,,0,,,,,,
SLP,3,5,1,47.5,2015,6,1,0,0,2,0,,9,9.5,9,,,0,,0,,,,,,
SLP,3,5,2,47.5,2015,7,0,1,0,1,0,,20,12,7,,,0,,0,,,,,,
SLP,3,5,3,47.5,2015,3,6,0,0,0,0,,10,11,8,,,0,,0,,,,,,
SLP,3,5,4,47.5,2015,2,3,4,0,0,0,,20,14.5,4,,,0,,0,,,,,,
SLP,3,6,1,72.5,2015,8,0,1,0,0,0,,14,15,7,,,0,,0,,,,,,
SLP,3,6,2,72.5,2015,7,0,2,0,0,0,,16.5,10,8,,,0,,0,,,,,,
SLP,3,6,3,72.5,2015,7,0,2,0,0,0,,15,17,12,,,0,,0,,,,,,
SLP,3,6,4,72.5,2015,2,0,7,0,0,0,,21.5,9.5,6,,,0,,0,,,,,,
SLP,3,7,1,102.5,2015,7,0,2,0,0,0,,24,12,7,,,0,,0,,,,,,
SLP,3,7,2,102.5,2015,7,0,2,0,0,0,,10,18.5,11,,,0,,0,,,,,,
SLP,3,7,3,102.5,2015,5,2,1,0,1,0,,9,13,9,,,0,,0,,,,,,
SLP,3,7,4,102.5,2015,8,0,1,0,0,0,,16,8,6.5,,,0,,0,,,,,,
SLP,3,8,1,112.5,2015,9,0,0,0,0,0,,14,16,8,,,0,,0,,,,,,
SLP,3,8,2,112.5,2015,8,0,0,0,1,0,,11,14.5,4.5,,,0,,0,,,,,,
SLP,3,8,3,112.5,2015,9,0,0,0,0,0,,7.5,10.5,8,,,0,,0,,,,,,
SLP,3,8,4,112.5,2015,9,0,0,0,0,0,,8,12,12,,,0,,0,,,,,,
SLP,3,9,1,122.5,2015,9,0,0,0,0,0,,12,17,13,,,0,,0,,,,,,
SLP,3,9,2,122.5,2015,8,0,0,1,0,0,,16.5,16,6,,,0,,0,,,,,,
SLP,3,9,3,122.5,2015,9,0,0,0,0,0,,11,15,11,,,0,,0,,,,,,
SLP,3,9,4,122.5,2015,9,0,0,0,0,0,,14,11,10,,,0,,0,,,,,,
SLP,3,10,1,222.5,2015,5,0,0,4,0,0,,9,12,7,,,0,,0,,,,,,
SLP,3,10,2,222.5,2015,6,0,0,3,0,0,,11,12.5,16,,,0,,0,,,,,,
SLP,3,10,3,222.5,2015,4,0,1,4,0,0,,7,11.5,7.5,,,0,,0,,,,,,
SLP,3,10,4,222.5,2015,7,0,0,2,0,0,,13,6,5,,,0,,0,,,,,,
SLP,3,11,1,247.5,2015,9,0,0,0,0,0,,19,7,12,,,0,,0,,,,,,
SLP,3,11,2,247.5,2015,8,0,0,1,0,0,,9.5,13.5,9,,,0,,0,,,,,,
SLP,3,11,3,247.5,2015,8,0,0,0,0,1,Forb,7,12,6,,,0,,0,,,,,,
SLP,3,11,4,247.5,2015,7,0,0,0,0,2,Forb,10,7,6,,,0,,0,,,,,,
SLP,3,12,1,262.5,2015,8,0,0,0,0,1,Forb,8,2,2,,,0,,0,,,,,,
SLP,3,12,2,262.5,2015,3,0,0,5,0,1,Forb,16,8,6,,,0,,0,,,,,,
SLP,3,12,3,262.5,2015,5,0,0,2,0,2,Forb,10,11,11,,,0,,0,,,,,,
SLP,3,12,4,262.5,2015,3,0,0,6,0,0,,9.5,13,11,,,0,,0,,,,,,
