"site","transect","actual.window","plot","subplot","year_t","num_bare_t","num_shrub_t","num_black_grama_t","num_blue_grama_t","num_other_grass_t","num_other_t","Cover_notes","max.ht_t","max.w_t","perp.w_t","falll_survival_t","fall_survival_notes","spring_survival_t1","max.ht_t1","max.w_t1","perp.w_t1","flowers_t1","fruits_t1","reproductive_fraction","density","weighted.dens"
"FPS",1,120,3,1,2015,0,9,0,0,0,0,"",9,15,12.5,0,"",0,NA,NA,NA,NA,NA,NA,1,11.1271056337122
"FPS",1,120,3,2,2015,0,9,0,0,0,0,"",7,10.5,9.5,0,"",0,NA,NA,NA,NA,NA,NA,1,11.1271056337122
"FPS",1,120,3,3,2015,1,7,1,0,0,0,"",14,8,5,0,"",0,NA,NA,NA,NA,NA,NA,1,11.1271056337122
"FPS",1,120,3,4,2015,0,7,2,0,0,0,"",13,11.5,9,0,"",0,NA,NA,NA,NA,NA,NA,1,11.1271056337122
"FPS",1,140,4,1,2015,0,9,0,0,0,0,"",8.5,12,9,0,"",0,NA,NA,NA,NA,NA,NA,1,14.6824536952017
"FPS",1,140,4,2,2015,1,7,1,0,0,0,"",11,10,9,0,"",0,NA,NA,NA,NA,NA,NA,1,14.6824536952017
"FPS",1,140,4,3,2015,1,7,1,0,0,0,"",10,10,7,0,"",0,NA,NA,NA,NA,NA,NA,1,14.6824536952017
"FPS",1,140,4,4,2015,4,2,3,0,0,0,"",10,16,9,0,"",0,NA,NA,NA,NA,NA,NA,1,14.6824536952017
"FPS",1,180,5,1,2015,3,5,1,0,0,0,"",11,11,5,0,"",0,NA,NA,NA,NA,NA,NA,14,147.539298935329
"FPS",1,180,5,2,2015,2,4,0,0,0,3,"tumbleweed",16,15,10,0,"",0,NA,NA,NA,NA,NA,NA,14,147.539298935329
"FPS",1,180,5,3,2015,0,7,0,0,0,2,"tumbleweed",15,25,14,0,"",0,NA,NA,NA,NA,NA,NA,14,147.539298935329
"FPS",1,180,5,4,2015,0,6,0,0,0,3,"tumbleweed",11,17,12,1,"",1,6,11,5,0,0,1,14,147.539298935329
"FPS",1,185,6,1,2015,1,7,0,0,0,1,"tumbleweed",20,17,8,0,"",0,NA,NA,NA,NA,NA,NA,14,141.780425035076
"FPS",1,185,6,2,2015,0,1,0,0,0,8,"tumbleweed",12,18,13,0,"",0,NA,NA,NA,NA,NA,NA,14,141.780425035076
"FPS",1,185,6,3,2015,9,0,0,0,0,0,"",13,6.5,11,0,"",0,NA,NA,NA,NA,NA,NA,14,141.780425035076
"FPS",1,185,6,4,2015,7,2,0,0,0,0,"",13,17.5,9,0,"",0,NA,NA,NA,NA,NA,NA,14,141.780425035076
"FPS",1,190,7,1,2015,4,5,0,0,0,0,"",12,8,7.5,0,"",0,NA,NA,NA,NA,NA,NA,4,40.4051405734301
"FPS",1,190,7,2,2015,4,3,2,0,0,0,"",17,9,9,0,"",0,NA,NA,NA,NA,NA,NA,4,40.4051405734301
"FPS",1,190,7,3,2015,3,4,2,0,0,0,"",12,8,7,0,"",0,NA,NA,NA,NA,NA,NA,4,40.4051405734301
"FPS",1,190,7,4,2015,4,4,1,0,0,0,"",10,15,6,0,"",0,NA,NA,NA,NA,NA,NA,4,40.4051405734301
"FPS",1,215,8,1,2015,3,6,0,0,0,0,"",9,14,11,0,"",0,NA,NA,NA,NA,NA,NA,9,105.603224478898
"FPS",1,215,8,2,2015,4,5,0,0,0,0,"",13.5,23,11,0,"",0,NA,NA,NA,NA,NA,NA,9,105.603224478898
"FPS",1,215,8,3,2015,8,0,0,0,0,1,"tumbleweed",13,7,12,0,"",0,NA,NA,NA,NA,NA,NA,9,105.603224478898
"FPS",1,215,8,4,2015,9,0,0,0,0,0,"",14,6.5,6,0,"",0,NA,NA,NA,NA,NA,NA,9,105.603224478898
"FPS",1,35,1,1,2015,4,0,5,0,0,0,"",16,13,13,0,"",0,NA,NA,NA,NA,NA,NA,9,86.8875619076715
"FPS",1,35,1,2,2015,7,0,2,0,0,0,"",12,12,8,0,"",0,NA,NA,NA,NA,NA,NA,9,86.8875619076715
"FPS",1,35,1,3,2015,3,2,4,0,0,0,"",11.5,16,8.5,0,"",0,NA,NA,NA,NA,NA,NA,9,86.8875619076715
"FPS",1,35,1,4,2015,6,0,3,0,0,0,"",15,15.5,8,0,"",0,NA,NA,NA,NA,NA,NA,9,86.8875619076715
"FPS",1,375,9,1,2015,5,0,4,0,0,0,"",13.5,9.5,9.5,0,"",0,NA,NA,NA,NA,NA,NA,0,0
"FPS",1,375,9,2,2015,6,0,3,0,0,0,"",10,14,8,0,"",0,NA,NA,NA,NA,NA,NA,0,0
"FPS",1,375,9,3,2015,6,0,3,0,0,0,"",10,11,5,0,"",0,NA,NA,NA,NA,NA,NA,0,0
"FPS",1,375,9,4,2015,2,0,7,0,0,0,"",12,11,10,0,"",0,NA,NA,NA,NA,NA,NA,0,0
"FPS",1,420,10,1,2015,0,0,9,0,0,0,"",23,13,10,0,"",0,NA,NA,NA,NA,NA,NA,0,0
"FPS",1,420,10,2,2015,0,0,9,0,0,0,"",15,15.5,10,0,"",0,NA,NA,NA,NA,NA,NA,0,0
"FPS",1,420,10,3,2015,4,0,5,0,0,0,"",7.5,13,7,0,"",0,NA,NA,NA,NA,NA,NA,0,0
"FPS",1,420,10,4,2015,2,0,6,0,1,0,"",12,10,6.5,0,"",0,NA,NA,NA,NA,NA,NA,0,0
"FPS",1,435,11,1,2015,6,0,3,0,0,0,"",13,18,9.5,0,"",0,NA,NA,NA,NA,NA,NA,1,9.90219902732015
"FPS",1,435,11,2,2015,3,0,3,0,3,0,"",16,16,9.5,0,"",0,NA,NA,NA,NA,NA,NA,1,9.90219902732015
"FPS",1,435,11,3,2015,7,0,2,0,0,0,"",7,11,11,0,"",0,NA,NA,NA,NA,NA,NA,1,9.90219902732015
"FPS",1,435,11,4,2015,7,0,2,0,0,0,"",15.5,15,10.5,0,"",0,NA,NA,NA,NA,NA,NA,1,9.90219902732015
"FPS",1,45,2,1,2015,5,0,4,0,0,0,"",9,11,6.5,0,"",0,NA,NA,NA,NA,NA,NA,2,21.3466803069998
"FPS",1,45,2,2,2015,5,0,4,0,0,0,"",20,20,8,0,"",0,NA,NA,NA,NA,NA,NA,2,21.3466803069998
"FPS",1,45,2,3,2015,6,0,3,0,0,0,"",9,15,9,0,"",0,NA,NA,NA,NA,NA,NA,2,21.3466803069998
"FPS",1,45,2,4,2015,6,0,3,0,0,0,"",15,12,9.5,0,"",0,NA,NA,NA,NA,NA,NA,2,21.3466803069998
"FPS",1,500,12,1,2015,0,0,9,0,0,0,"",21,16,8.5,0,"",0,NA,NA,NA,NA,NA,NA,0,0
"FPS",1,500,12,2,2015,3,0,6,0,0,0,"",14,14,9.5,0,"",0,NA,NA,NA,NA,NA,NA,0,0
"FPS",1,500,12,3,2015,4,0,5,0,0,0,"",12,13.5,10,0,"",0,NA,NA,NA,NA,NA,NA,0,0
"FPS",1,500,12,4,2015,5,0,4,0,0,0,"",12,13.5,8,0,"",0,NA,NA,NA,NA,NA,NA,0,0
"FPS",2,10,2,1,2015,9,0,0,0,0,0,"",8,24.5,8.5,0,"",0,NA,NA,NA,NA,NA,NA,15,144.779041980714
"FPS",2,10,2,2,2015,6,0,3,0,0,0,"",9,14.5,7,0,"",0,NA,NA,NA,NA,NA,NA,15,144.779041980714
"FPS",2,10,2,3,2015,2,2,5,0,0,0,"",17,15,7,0,"",0,NA,NA,NA,NA,NA,NA,15,144.779041980714
"FPS",2,10,2,4,2015,9,0,0,0,0,0,"",10.5,20,9,0,"",0,NA,NA,NA,NA,NA,NA,15,144.779041980714
"FPS",2,105,7,1,2015,9,0,0,0,0,0,"",8,12,11,0,"",0,NA,NA,NA,NA,NA,NA,2,26.0413852955562
"FPS",2,105,7,2,2015,9,0,0,0,0,0,"",6.5,9,8,0,"",0,NA,NA,NA,NA,NA,NA,2,26.0413852955562
"FPS",2,105,7,3,2015,9,0,0,0,0,0,"",13,10,9,0,"",0,NA,NA,NA,NA,NA,NA,2,26.0413852955562
"FPS",2,105,7,4,2015,9,0,0,0,0,0,"",7,28,9,0,"",0,NA,NA,NA,NA,NA,NA,2,26.0413852955562
"FPS",2,120,8,1,2015,6,0,3,0,0,0,"",9,16,11.5,0,"",0,NA,NA,NA,NA,NA,NA,0,0
"FPS",2,120,8,2,2015,1,0,8,0,0,0,"",10.5,14,7.5,0,"",0,NA,NA,NA,NA,NA,NA,0,0
"FPS",2,120,8,3,2015,3,0,6,0,0,0,"",14,11,6.5,0,"",0,NA,NA,NA,NA,NA,NA,0,0
"FPS",2,120,8,4,2015,3,0,6,0,0,0,"",15,12,9,0,"",0,NA,NA,NA,NA,NA,NA,0,0
"FPS",2,155,9,1,2015,9,0,0,0,0,0,"",12,10.5,7,0,"",0,NA,NA,NA,NA,NA,NA,8,91.16645597483
"FPS",2,155,9,2,2015,5,4,0,0,0,0,"",18,13,11,0,"",0,NA,NA,NA,NA,NA,NA,8,91.16645597483
"FPS",2,155,9,3,2015,9,0,0,0,0,0,"",12,11.5,7,0,"",0,NA,NA,NA,NA,NA,NA,8,91.16645597483
"FPS",2,155,9,4,2015,9,0,0,0,0,0,"",6,21,20.5,0,"",0,NA,NA,NA,NA,NA,NA,8,91.16645597483
"FPS",2,20,3,1,2015,7,1,0,0,0,1,"Salt bush",16,24,15,0,"",0,NA,NA,NA,NA,NA,NA,22,204.924093639443
"FPS",2,20,3,2,2015,1,5,0,0,3,0,"",9.5,12,6,0,"",0,NA,NA,NA,NA,NA,NA,22,204.924093639443
"FPS",2,20,3,3,2015,4,4,0,0,0,1,"Salt bush",11,17,4,0,"",0,NA,NA,NA,NA,NA,NA,22,204.924093639443
"FPS",2,20,3,4,2015,0,7,0,0,2,0,"",14.5,9,7,0,"",0,NA,NA,NA,NA,NA,NA,22,204.924093639443
"FPS",2,225,10,1,2015,6,0,3,0,0,0,"",24,13,4.5,0,"",0,NA,NA,NA,NA,NA,NA,0,0
"FPS",2,225,10,2,2015,3,0,6,0,0,0,"",12,10,7,0,"",0,NA,NA,NA,NA,NA,NA,0,0
"FPS",2,225,10,3,2015,2,0,7,0,0,0,"",16,14,9,0,"",0,NA,NA,NA,NA,NA,NA,0,0
"FPS",2,225,10,4,2015,6,0,3,0,0,0,"",16,17,12,0,"",0,NA,NA,NA,NA,NA,NA,0,0
"FPS",2,25,4,1,2015,9,0,0,0,0,0,"",9,9,7,0,"",0,NA,NA,NA,NA,NA,NA,15,158.498910399745
"FPS",2,25,4,2,2015,9,0,0,0,0,0,"",16,15.5,5.5,0,"",0,NA,NA,NA,NA,NA,NA,15,158.498910399745
"FPS",2,25,4,3,2015,8,0,1,0,0,0,"",11,11,9,0,"",0,NA,NA,NA,NA,NA,NA,15,158.498910399745
"FPS",2,25,4,4,2015,9,0,0,0,0,0,"",13,18,10,0,"",0,NA,NA,NA,NA,NA,NA,15,158.498910399745
"FPS",2,275,11,1,2015,3,3,0,0,0,3,"Tumbleweed",17,14,14,0,"",0,NA,NA,NA,NA,NA,NA,2,25.0094266614285
"FPS",2,275,11,2,2015,9,0,0,0,0,0,"",9,15,9.5,0,"",0,NA,NA,NA,NA,NA,NA,2,25.0094266614285
"FPS",2,275,11,3,2015,0,9,0,0,0,0,"",17,12,7,0,"",0,NA,NA,NA,NA,NA,NA,2,25.0094266614285
"FPS",2,275,11,4,2015,5,4,0,0,0,0,"",7,18,6,0,"",0,NA,NA,NA,NA,NA,NA,2,25.0094266614285
"FPS",2,475,12,1,2015,4,0,5,0,0,0,"",21,11.5,11,0,"tags and flags were moved and chewed- not 100% confident",0,NA,NA,NA,NA,NA,NA,0,0
"FPS",2,475,12,2,2015,7,0,2,0,0,0,"",13,16,6,0,"tags and flags were moved and chewed- not 100% confident",0,NA,NA,NA,NA,NA,NA,0,0
"FPS",2,475,12,3,2015,3,0,2,4,0,0,"",12.5,15,7,0,"tags and flags were moved and chewed- not 100% confident",0,NA,NA,NA,NA,NA,NA,0,0
"FPS",2,475,12,4,2015,4,0,2,3,0,0,"",13,16,10.5,0,"tags and flags were moved and chewed- not 100% confident",0,NA,NA,NA,NA,NA,NA,0,0
"FPS",2,5,1,1,2015,8,1,0,0,0,0,"",13,21,6,0,"",0,NA,NA,NA,NA,NA,NA,17,156.36791516116
"FPS",2,5,1,2,2015,6,1,0,0,2,0,"",11,15,11,0,"",0,NA,NA,NA,NA,NA,NA,17,156.36791516116
"FPS",2,5,1,3,2015,6,3,0,0,0,0,"",9,20,9,0,"",0,NA,NA,NA,NA,NA,NA,17,156.36791516116
"FPS",2,5,1,4,2015,0,3,0,0,6,0,"",12,18,10,0,"",0,NA,NA,NA,NA,NA,NA,17,156.36791516116
"FPS",2,65,5,1,2015,7,1,1,0,0,0,"",8,10,7,0,"",0,NA,NA,NA,NA,NA,NA,2,23.3191501945877
"FPS",2,65,5,2,2015,6,0,3,0,0,0,"",13,14,9.5,0,"",0,NA,NA,NA,NA,NA,NA,2,23.3191501945877
"FPS",2,65,5,3,2015,1,7,1,0,0,0,"",12,13,11.5,0,"",0,NA,NA,NA,NA,NA,NA,2,23.3191501945877
"FPS",2,65,5,4,2015,6,0,3,0,0,0,"",15,15.5,12,0,"",0,NA,NA,NA,NA,NA,NA,2,23.3191501945877
"FPS",2,85,6,1,2015,0,9,0,0,0,0,"",14,14.5,11,0,"",0,NA,NA,NA,NA,NA,NA,8,80.9725606019744
"FPS",2,85,6,2,2015,9,0,0,0,0,0,"",14,9,7,0,"",0,NA,NA,NA,NA,NA,NA,8,80.9725606019744
"FPS",2,85,6,3,2015,6,1,2,0,0,0,"",14,19,18,0,"",0,NA,NA,NA,NA,NA,NA,8,80.9725606019744
"FPS",2,85,6,4,2015,7,0,2,0,0,0,"",8,22,5.5,0,"",0,NA,NA,NA,NA,NA,NA,8,80.9725606019744
"FPS",3,150,7,1,2015,7,2,0,0,0,0,"",18,19,11,0,"",0,NA,NA,NA,NA,NA,NA,13,119.936783820322
"FPS",3,150,7,2,2015,9,0,0,0,0,0,"",12,16.5,7,0,"",0,NA,NA,NA,NA,NA,NA,13,119.936783820322
"FPS",3,150,7,3,2015,5,4,0,0,0,0,"",21,13,8,0,"",0,NA,NA,NA,NA,NA,NA,13,119.936783820322
"FPS",3,150,7,4,2015,9,0,0,0,0,0,"",7,13,8,0,"",0,NA,NA,NA,NA,NA,NA,13,119.936783820322
"FPS",3,160,8,1,2015,8,0,1,0,0,0,"",8,12,5,0,"",0,NA,NA,NA,NA,NA,NA,3,37.0800453836022
"FPS",3,160,8,2,2015,4,0,5,0,0,0,"",14,6,4.5,0,"",0,NA,NA,NA,NA,NA,NA,3,37.0800453836022
"FPS",3,160,8,3,2015,4,0,5,0,0,0,"",14.5,17,13,0,"",0,NA,NA,NA,NA,NA,NA,3,37.0800453836022
"FPS",3,160,8,4,2015,2,0,7,0,0,0,"",8,14,7,0,"",0,NA,NA,NA,NA,NA,NA,3,37.0800453836022
"FPS",3,210,9,1,2015,7,0,2,0,0,0,"",11,10,8,0,"",0,NA,NA,NA,NA,NA,NA,7,67.0632969358844
"FPS",3,210,9,2,2015,3,3,3,0,0,0,"",6,12,6,0,"",0,NA,NA,NA,NA,NA,NA,7,67.0632969358844
"FPS",3,210,9,3,2015,8,0,1,0,0,0,"",11,12,11,0,"",0,NA,NA,NA,NA,NA,NA,7,67.0632969358844
"FPS",3,210,9,4,2015,7,2,0,0,0,0,"",8,14.5,7,0,"",0,NA,NA,NA,NA,NA,NA,7,67.0632969358844
"FPS",3,30,2,1,2015,9,0,0,0,0,0,"",13,19,13,0,"",0,NA,NA,NA,NA,NA,NA,30,252.154128515724
"FPS",3,30,2,2,2015,7,2,0,0,0,0,"",20.5,10,9,0,"",0,NA,NA,NA,NA,NA,NA,30,252.154128515724
"FPS",3,30,2,3,2015,9,0,0,0,0,0,"",9,12,12,1,"",0,NA,NA,NA,NA,NA,NA,30,252.154128515724
"FPS",3,30,2,4,2015,9,0,0,0,0,0,"",11,16.5,13,0,"",0,NA,NA,NA,NA,NA,NA,30,252.154128515724
"FPS",3,320,10,1,2015,7,0,2,0,0,0,"",15,13,11.5,0,"",0,NA,NA,NA,NA,NA,NA,0,0
"FPS",3,320,10,2,2015,4,0,5,0,0,0,"",20.5,14,7,0,"",0,NA,NA,NA,NA,NA,NA,0,0
"FPS",3,320,10,3,2015,1,0,8,0,0,0,"",19,10,5.5,0,"",0,NA,NA,NA,NA,NA,NA,0,0
"FPS",3,320,10,4,2015,6,0,3,0,0,0,"",15,17,15,0,"",0,NA,NA,NA,NA,NA,NA,0,0
"FPS",3,35,3,1,2015,5,4,0,0,0,0,"",15,7,6,0,"",0,NA,NA,NA,NA,NA,NA,20,204.530918051109
"FPS",3,35,3,2,2015,3,6,0,0,0,0,"",26,12,8,0,"",0,NA,NA,NA,NA,NA,NA,20,204.530918051109
"FPS",3,35,3,3,2015,3,6,0,0,0,0,"",10,13,12,0,"",0,NA,NA,NA,NA,NA,NA,20,204.530918051109
"FPS",3,35,3,4,2015,0,9,0,0,0,0,"",9,9,6,0,"",0,NA,NA,NA,NA,NA,NA,20,204.530918051109
"FPS",3,400,11,1,2015,5,0,4,0,0,0,"",9.5,9.5,4,0,"",0,NA,NA,NA,NA,NA,NA,0,0
"FPS",3,400,11,2,2015,4,0,5,0,0,0,"",13,18.5,15,0,"",0,NA,NA,NA,NA,NA,NA,0,0
"FPS",3,400,11,3,2015,0,0,2,0,0,7,"Athratplx (salt bush)",15,16.5,15.5,0,"",0,NA,NA,NA,NA,NA,NA,0,0
"FPS",3,400,11,4,2015,3,0,4,0,0,2,"Athratplx (salt bush)",7,11,8.5,0,"",0,NA,NA,NA,NA,NA,NA,0,0
"FPS",3,5,1,1,2015,0,7,0,0,2,0,"",13,9,6,0,"",0,NA,NA,NA,NA,NA,NA,9,95.2618199353853
"FPS",3,5,1,2,2015,2,0,7,0,0,0,"",13,15,10,0,"",0,NA,NA,NA,NA,NA,NA,9,95.2618199353853
"FPS",3,5,1,3,2015,6,2,1,0,0,0,"",20,9,6.5,0,"",0,NA,NA,NA,NA,NA,NA,9,95.2618199353853
"FPS",3,5,1,4,2015,7,2,0,0,0,0,"",8,13,9,0,"",0,NA,NA,NA,NA,NA,NA,9,95.2618199353853
"FPS",3,50,4,1,2015,6,3,0,0,0,0,"",9,12.5,7,0,"",0,NA,NA,NA,NA,NA,NA,25,220.481784626899
"FPS",3,50,4,2,2015,5,4,0,0,0,0,"",9,22,14,0,"",0,NA,NA,NA,NA,NA,NA,25,220.481784626899
"FPS",3,50,4,3,2015,9,0,0,0,0,0,"",8.5,11,8,0,"",0,NA,NA,NA,NA,NA,NA,25,220.481784626899
"FPS",3,50,4,4,2015,4,5,0,0,0,0,"",9,15,9,0,"",0,NA,NA,NA,NA,NA,NA,25,220.481784626899
"FPS",3,550,12,1,2015,5,0,4,0,0,0,"",11,10.5,6,0,"",0,NA,NA,NA,NA,NA,NA,1,12.8543481449126
"FPS",3,550,12,2,2015,7,0,2,0,0,0,"",13,15,7.5,0,"",0,NA,NA,NA,NA,NA,NA,1,12.8543481449126
"FPS",3,550,12,3,2015,5,0,4,0,0,0,"",15,16,7.5,0,"",0,NA,NA,NA,NA,NA,NA,1,12.8543481449126
"FPS",3,550,12,4,2015,4,0,5,0,0,0,"",21,11,8,0,"",0,NA,NA,NA,NA,NA,NA,1,12.8543481449126
"FPS",3,65,5,1,2015,9,0,0,0,0,0,"",12,9,5,0,"",0,NA,NA,NA,NA,NA,NA,19,164.229914144853
"FPS",3,65,5,2,2015,9,0,0,0,0,0,"",13,11,9,0,"",0,NA,NA,NA,NA,NA,NA,19,164.229914144853
"FPS",3,65,5,3,2015,9,0,0,0,0,0,"",9,15,11.5,0,"",0,NA,NA,NA,NA,NA,NA,19,164.229914144853
"FPS",3,65,5,4,2015,8,1,0,0,0,0,"",10,17.5,13.5,0,"",0,NA,NA,NA,NA,NA,NA,19,164.229914144853
"FPS",3,70,6,1,2015,7,2,0,0,0,0,"",7,3,2.5,0,"",0,NA,NA,NA,NA,NA,NA,23,202.301528632958
"FPS",3,70,6,2,2015,4,5,0,0,0,0,"",8,24,10,0,"",0,NA,NA,NA,NA,NA,NA,23,202.301528632958
"FPS",3,70,6,3,2015,8,1,0,0,0,0,"",14,15,11,0,"no leaves, but stem was green",0,NA,NA,NA,NA,NA,NA,23,202.301528632958
"FPS",3,70,6,4,2015,9,0,0,0,0,0,"",13.5,13.5,6,0,"",0,NA,NA,NA,NA,NA,NA,23,202.301528632958
"MOD",1,0,1,1,2015,2,1,0,0,6,0,"",12,11,8,0,"",0,NA,NA,NA,NA,NA,NA,17,182.191924344769
"MOD",1,0,1,2,2015,7,1,0,0,0,1,"Mequite",13,14.5,9,0,"",0,NA,NA,NA,NA,NA,NA,17,182.191924344769
"MOD",1,0,1,3,2015,3,2,0,0,4,0,"",8.5,12,8,0,"",0,NA,NA,NA,NA,NA,NA,17,182.191924344769
"MOD",1,0,1,4,2015,3,6,0,0,0,0,"",11.5,17,12,0,"",0,NA,NA,NA,NA,NA,NA,17,182.191924344769
"MOD",1,10,3,1,2015,5,4,0,0,0,0,"",9,16.5,15,0,"",0,NA,NA,NA,NA,NA,NA,17,189.386143418299
"MOD",1,10,3,2,2015,7,2,0,0,0,0,"",8.5,14,8,0,"",0,NA,NA,NA,NA,NA,NA,17,189.386143418299
"MOD",1,10,3,3,2015,9,0,0,0,0,0,"",11,11,6.5,0,"",0,NA,NA,NA,NA,NA,NA,17,189.386143418299
"MOD",1,10,3,4,2015,9,0,0,0,0,0,"",12,8,11.5,0,"",0,NA,NA,NA,NA,NA,NA,17,189.386143418299
"MOD",1,105,9,1,2015,0,0,9,0,0,0,"",12,13.5,6.5,0,"",0,NA,NA,NA,NA,NA,NA,0,0
"MOD",1,105,9,2,2015,5,0,4,0,0,0,"",16,10,8,0,"",0,NA,NA,NA,NA,NA,NA,0,0
"MOD",1,105,9,3,2015,7,0,2,0,0,0,"",10,19,10,0,"",0,NA,NA,NA,NA,NA,NA,0,0
"MOD",1,105,9,4,2015,3,0,6,0,0,0,"",11,14,9,0,"",0,NA,NA,NA,NA,NA,NA,0,0
"MOD",1,15,4,1,2015,0,5,0,0,4,0,"",14.5,12.5,8,0,"",0,NA,NA,NA,NA,NA,NA,18,186.992421512354
"MOD",1,15,4,2,2015,7,0,0,0,2,0,"",23,16,10,0,"",0,NA,NA,NA,NA,NA,NA,18,186.992421512354
"MOD",1,15,4,3,2015,3,4,0,0,2,0,"",13.5,13,11,0,"",0,NA,NA,NA,NA,NA,NA,18,186.992421512354
"MOD",1,15,4,4,2015,3,2,0,0,4,0,"",14,19,9,0,"",0,NA,NA,NA,NA,NA,NA,18,186.992421512354
"MOD",1,165,10,1,2015,7,0,2,0,0,0,"",10,18,11,1,"",0,NA,NA,NA,NA,NA,NA,2,25.7905806730797
"MOD",1,165,10,2,2015,9,0,0,0,0,0,"",11,14,9,0,"",0,NA,NA,NA,NA,NA,NA,2,25.7905806730797
"MOD",1,165,10,3,2015,6,0,3,0,0,0,"",10,14,12,0,"",0,NA,NA,NA,NA,NA,NA,2,25.7905806730797
"MOD",1,165,10,4,2015,9,0,0,0,0,0,"",12.5,11.5,11,0,"",0,NA,NA,NA,NA,NA,NA,2,25.7905806730797
"MOD",1,205,11,1,2015,8,0,0,0,0,1,"Guttierize",21.5,14,8,0,"",0,NA,NA,NA,NA,NA,NA,0,0
"MOD",1,205,11,2,2015,3,0,4,0,0,2,"Guttierize",15,10,10,0,"",0,NA,NA,NA,NA,NA,NA,0,0
"MOD",1,205,11,3,2015,4,0,4,0,0,1,"Guttierize",14,13,7.5,0,"",0,NA,NA,NA,NA,NA,NA,0,0
"MOD",1,205,11,4,2015,2,0,6,0,0,1,"Guttierize",11.5,15.5,6.5,0,"",0,NA,NA,NA,NA,NA,NA,0,0
"MOD",1,30,5,1,2015,9,0,0,0,0,0,"",8,12,6.5,0,"",0,NA,NA,NA,NA,NA,NA,5,59.8062966797201
"MOD",1,30,5,2,2015,9,0,0,0,0,0,"",4.5,7.5,7.5,0,"",0,NA,NA,NA,NA,NA,NA,5,59.8062966797201
"MOD",1,30,5,3,2015,9,0,0,0,0,0,"",15,14.5,70.5,0,"",0,NA,NA,NA,NA,NA,NA,5,59.8062966797201
"MOD",1,30,5,4,2015,8,0,0,0,1,0,"",8,20.5,17,0,"",0,NA,NA,NA,NA,NA,NA,5,59.8062966797201
"MOD",1,315,12,1,2015,1,0,6,0,2,0,"",11,22,11,0,"",0,NA,NA,NA,NA,NA,NA,0,0
"MOD",1,315,12,2,2015,7,0,0,0,2,0,"",5.5,16.5,11,0,"",0,NA,NA,NA,NA,NA,NA,0,0
"MOD",1,315,12,3,2015,5,0,0,0,4,0,"",6.5,16.5,17,0,"",0,NA,NA,NA,NA,NA,NA,0,0
"MOD",1,315,12,4,2015,6,0,0,0,3,0,"",20,21,10,0,"",0,NA,NA,NA,NA,NA,NA,0,0
"MOD",1,45,6,1,2015,8,0,0,0,1,0,"",13,14,6,0,"",0,NA,NA,NA,NA,NA,NA,6,72.2085498027286
"MOD",1,45,6,2,2015,4,5,0,0,0,0,"",10,13,12.5,0,"",0,NA,NA,NA,NA,NA,NA,6,72.2085498027286
"MOD",1,45,6,3,2015,9,0,0,0,0,0,"",14,10,4,0,"",0,NA,NA,NA,NA,NA,NA,6,72.2085498027286
"MOD",1,45,6,4,2015,2,7,0,0,0,0,"",10,13,5,0,"",0,NA,NA,NA,NA,NA,NA,6,72.2085498027286
"MOD",1,5,2,1,2015,8,1,0,0,0,0,"",12,18,9,0,"",0,NA,NA,NA,NA,NA,NA,18,192.234010156704
"MOD",1,5,2,2,2015,9,0,0,0,0,0,"",10.5,22,6,0,"",0,NA,NA,NA,NA,NA,NA,18,192.234010156704
"MOD",1,5,2,3,2015,8,1,0,0,0,0,"",13,14,12,0,"",0,NA,NA,NA,NA,NA,NA,18,192.234010156704
"MOD",1,5,2,4,2015,9,0,0,0,0,0,"",9,16,9,0,"",0,NA,NA,NA,NA,NA,NA,18,192.234010156704
"MOD",1,65,7,1,2015,3,3,0,0,3,0,"",27,8.5,4,0,"",0,NA,NA,NA,NA,NA,NA,1,12.8840967914473
"MOD",1,65,7,2,2015,0,9,0,0,0,0,"",11,17,8,0,"",0,NA,NA,NA,NA,NA,NA,1,12.8840967914473
"MOD",1,65,7,3,2015,4,1,0,0,4,0,"",9.5,12,8.5,0,"",0,NA,NA,NA,NA,NA,NA,1,12.8840967914473
"MOD",1,65,7,4,2015,3,6,0,0,0,0,"",10,12.5,11,0,"",0,NA,NA,NA,NA,NA,NA,1,12.8840967914473
"MOD",1,80,8,1,2015,9,0,0,0,0,0,"",10,13,12,0,"",0,NA,NA,NA,NA,NA,NA,3,36.5550522900175
"MOD",1,80,8,2,2015,6,0,0,0,0,3,"yucca",11,21,11,0,"",0,NA,NA,NA,NA,NA,NA,3,36.5550522900175
"MOD",1,80,8,3,2015,8,0,0,0,1,0,"",8.5,10,9,0,"",0,NA,NA,NA,NA,NA,NA,3,36.5550522900175
"MOD",1,80,8,4,2015,9,0,0,0,0,0,"",7.5,11,6,1,"",0,NA,NA,NA,NA,NA,NA,3,36.5550522900175
"MOD",2,0,1,1,2015,7,0,0,0,0,2,"opuntia",17,13,7,0,"",0,NA,NA,NA,NA,NA,NA,5,59.8597945469033
"MOD",2,0,1,2,2015,9,0,0,0,0,0,"",15,16,8,0,"",0,NA,NA,NA,NA,NA,NA,5,59.8597945469033
"MOD",2,0,1,3,2015,6,3,0,0,0,0,"",7.5,16,7,0,"",0,NA,NA,NA,NA,NA,NA,5,59.8597945469033
"MOD",2,0,1,4,2015,9,0,0,0,0,0,"",16,21,8,0,"",0,NA,NA,NA,NA,NA,NA,5,59.8597945469033
"MOD",2,10,3,1,2015,7,2,0,0,0,0,"",8.5,11,5.5,0,"",0,NA,NA,NA,NA,NA,NA,11,119.742517006632
"MOD",2,10,3,2,2015,6,3,0,0,0,0,"",8.5,8,6,0,"",0,NA,NA,NA,NA,NA,NA,11,119.742517006632
"MOD",2,10,3,3,2015,0,9,0,0,0,0,"",15,14,6,0,"",0,NA,NA,NA,NA,NA,NA,11,119.742517006632
"MOD",2,10,3,4,2015,1,8,0,0,0,0,"",22,13,7,0,"",0,NA,NA,NA,NA,NA,NA,11,119.742517006632
"MOD",2,100,8,1,2015,4,0,5,0,0,0,"",8,13,10.5,0,"",0,NA,NA,NA,NA,NA,NA,1,12.8060466198928
"MOD",2,100,8,2,2015,3,0,6,0,0,0,"",6.5,11,4,0,"",0,NA,NA,NA,NA,NA,NA,1,12.8060466198928
"MOD",2,100,8,3,2015,7,0,2,0,0,0,"",9.5,21,14,0,"",0,NA,NA,NA,NA,NA,NA,1,12.8060466198928
"MOD",2,100,8,4,2015,4,0,5,0,0,0,"",10.5,20,11,0,"",0,NA,NA,NA,NA,NA,NA,1,12.8060466198928
"MOD",2,150,9,1,2015,9,0,0,0,0,0,"",13,14,7,0,"",0,NA,NA,NA,NA,NA,NA,1,13.0540696234074
"MOD",2,150,9,2,2015,5,0,4,0,0,0,"",11,14,4,0,"",0,NA,NA,NA,NA,NA,NA,1,13.0540696234074
"MOD",2,150,9,3,2015,5,0,4,0,0,0,"",18,8,8,1,"",1,3,1.5,1.5,0,0,1,1,13.0540696234074
"MOD",2,150,9,4,2015,4,0,5,0,0,0,"",4,13,8.5,0,"",0,NA,NA,NA,NA,NA,NA,1,13.0540696234074
"MOD",2,185,10,1,2015,9,0,0,0,0,0,"",12,18,14,0,"",0,NA,NA,NA,NA,NA,NA,0,0
"MOD",2,185,10,2,2015,9,0,0,0,0,0,"",9.5,26,9.5,0,"",0,NA,NA,NA,NA,NA,NA,0,0
"MOD",2,185,10,3,2015,8,0,0,0,1,0,"",10,17,8.5,0,"",0,NA,NA,NA,NA,NA,NA,0,0
"MOD",2,185,10,4,2015,7,0,0,0,2,0,"",11.5,15.5,11,0,"",0,NA,NA,NA,NA,NA,NA,0,0
"MOD",2,20,4,1,2015,9,0,0,0,0,0,"",10,19,12,0,"",0,NA,NA,NA,NA,NA,NA,12,130.037252660884
"MOD",2,20,4,2,2015,9,0,0,0,0,0,"",14.5,15,8,0,"",0,NA,NA,NA,NA,NA,NA,12,130.037252660884
"MOD",2,20,4,3,2015,9,0,0,0,0,0,"",9.5,17,12,0,"",0,NA,NA,NA,NA,NA,NA,12,130.037252660884
"MOD",2,20,4,4,2015,7,0,0,0,2,0,"",11.5,13,10,0,"",0,NA,NA,NA,NA,NA,NA,12,130.037252660884
"MOD",2,200,11,1,2015,6,0,0,0,3,0,"",3,14,7.5,0,"",0,NA,NA,NA,NA,NA,NA,1,12.8427369839849
"MOD",2,200,11,2,2015,7,0,0,0,2,0,"",15.5,17,10,0,"",0,NA,NA,NA,NA,NA,NA,1,12.8427369839849
"MOD",2,200,11,3,2015,5,0,1,0,3,0,"",11,18,6,0,"",0,NA,NA,NA,NA,NA,NA,1,12.8427369839849
"MOD",2,200,11,4,2015,7,0,0,0,2,0,"",7.5,8,7.5,0,"",0,NA,NA,NA,NA,NA,NA,1,12.8427369839849
"MOD",2,260,12,1,2015,4,0,5,0,0,0,"",11.5,11.5,8,0,"",0,NA,NA,NA,NA,NA,NA,0,0
"MOD",2,260,12,2,2015,3,0,6,0,0,0,"",6,8,5,0,"",0,NA,NA,NA,NA,NA,NA,0,0
"MOD",2,260,12,3,2015,6,0,3,0,0,0,"",15,14,6.5,0,"",0,NA,NA,NA,NA,NA,NA,0,0
"MOD",2,260,12,4,2015,6,0,3,0,0,0,"",9,17,13,0,"",0,NA,NA,NA,NA,NA,NA,0,0
"MOD",2,30,5,1,2015,4,3,0,0,2,0,"",13,22,11,0,"",0,NA,NA,NA,NA,NA,NA,2,24.8497155283564
"MOD",2,30,5,2,2015,4,0,0,0,5,0,"",9,14.5,13,0,"",0,NA,NA,NA,NA,NA,NA,2,24.8497155283564
"MOD",2,30,5,3,2015,5,0,0,0,4,0,"",11,15,14,0,"",0,NA,NA,NA,NA,NA,NA,2,24.8497155283564
"MOD",2,30,5,4,2015,6,0,0,0,3,0,"",11,14.5,8,0,"",0,NA,NA,NA,NA,NA,NA,2,24.8497155283564
"MOD",2,5,2,1,2015,9,0,0,0,0,0,"",12,13,7,0,"",0,NA,NA,NA,NA,NA,NA,14,154.417831229888
"MOD",2,5,2,2,2015,4,5,0,0,0,0,"",6,21,8.5,0,"",0,NA,NA,NA,NA,NA,NA,14,154.417831229888
"MOD",2,5,2,3,2015,4,4,0,0,1,0,"",11,12,9.5,0,"",0,NA,NA,NA,NA,NA,NA,14,154.417831229888
"MOD",2,5,2,4,2015,0,9,0,0,0,0,"",10.5,13.5,9,0,"",0,NA,NA,NA,NA,NA,NA,14,154.417831229888
"MOD",2,65,6,1,2015,8,0,1,0,0,0,"",13,13,9,0,"",0,NA,NA,NA,NA,NA,NA,1,12.7194714194441
"MOD",2,65,6,2,2015,3,0,6,0,0,0,"",13.5,19,8,0,"",0,NA,NA,NA,NA,NA,NA,1,12.7194714194441
"MOD",2,65,6,3,2015,6,0,0,0,3,0,"",19,14,11,0,"",0,NA,NA,NA,NA,NA,NA,1,12.7194714194441
"MOD",2,65,6,4,2015,6,0,0,0,3,0,"",13,18,8,0,"",0,NA,NA,NA,NA,NA,NA,1,12.7194714194441
"MOD",2,70,7,1,2015,4,0,2,0,3,0,"",9.5,16.5,10,0,"",0,NA,NA,NA,NA,NA,NA,0,0
"MOD",2,70,7,2,2015,6,0,0,0,3,0,"",12,23.5,8,0,"",0,NA,NA,NA,NA,NA,NA,0,0
"MOD",2,70,7,3,2015,8,0,1,0,0,0,"",10,17.5,10.5,0,"",0,NA,NA,NA,NA,NA,NA,0,0
"MOD",2,70,7,4,2015,7,0,0,0,2,0,"",15,14,13,0,"",0,NA,NA,NA,NA,NA,NA,0,0
"MOD",3,100,7,1,2015,9,0,0,0,0,0,"",9,9,4,0,"",0,NA,NA,NA,NA,NA,NA,16,174.289740783718
"MOD",3,100,7,2,2015,7,2,0,0,0,0,"",7,19,9,0,"",0,NA,NA,NA,NA,NA,NA,16,174.289740783718
"MOD",3,100,7,3,2015,8,1,0,0,0,0,"",8,10,7.5,0,"",0,NA,NA,NA,NA,NA,NA,16,174.289740783718
"MOD",3,100,7,4,2015,5,4,0,0,0,0,"",7,18.5,11,0,"",0,NA,NA,NA,NA,NA,NA,16,174.289740783718
"MOD",3,105,8,1,2015,9,0,0,0,0,0,"",8,12,6,0,"",0,NA,NA,NA,NA,NA,NA,2,24.6975242987266
"MOD",3,105,8,2,2015,9,0,0,0,0,0,"",9,8.5,5,0,"",0,NA,NA,NA,NA,NA,NA,2,24.6975242987266
"MOD",3,105,8,3,2015,9,0,0,0,0,0,"",12.5,14,10.5,0,"",0,NA,NA,NA,NA,NA,NA,2,24.6975242987266
"MOD",3,105,8,4,2015,9,0,0,0,0,0,"",7,16,9.5,0,"",0,NA,NA,NA,NA,NA,NA,2,24.6975242987266
"MOD",3,155,9,1,2015,4,0,5,0,0,0,"",10,13,5,0,"",0,NA,NA,NA,NA,NA,NA,1,12.8326669213142
"MOD",3,155,9,2,2015,7,0,2,0,0,0,"",12,17,12,0,"",0,NA,NA,NA,NA,NA,NA,1,12.8326669213142
"MOD",3,155,9,3,2015,3,0,6,0,0,0,"",8.5,11,7.5,0,"",0,NA,NA,NA,NA,NA,NA,1,12.8326669213142
"MOD",3,155,9,4,2015,3,0,6,0,0,0,"",9.5,10,3.5,0,"",0,NA,NA,NA,NA,NA,NA,1,12.8326669213142
"MOD",3,185,10,1,2015,4,0,5,0,0,0,"",16,14,8.5,0,"",0,NA,NA,NA,NA,NA,NA,0,0
"MOD",3,185,10,2,2015,8,0,1,0,0,0,"",8,14,10,0,"",0,NA,NA,NA,NA,NA,NA,0,0
"MOD",3,185,10,3,2015,4,0,5,0,0,0,"",7,6,3.5,0,"",0,NA,NA,NA,NA,NA,NA,0,0
"MOD",3,185,10,4,2015,4,0,5,0,0,0,"",10,13,10,0,"",0,NA,NA,NA,NA,NA,NA,0,0
"MOD",3,20,1,1,2015,6,3,0,0,0,0,"",14.5,11,9,0,"",0,NA,NA,NA,NA,NA,NA,14,156.330032593295
"MOD",3,20,1,2,2015,2,7,0,0,0,0,"",11.5,10.5,8,0,"",0,NA,NA,NA,NA,NA,NA,14,156.330032593295
"MOD",3,20,1,3,2015,1,8,0,0,0,0,"",12,15.5,8,0,"",0,NA,NA,NA,NA,NA,NA,14,156.330032593295
"MOD",3,20,1,4,2015,7,2,0,0,0,0,"",9,17,9.5,0,"",0,NA,NA,NA,NA,NA,NA,14,156.330032593295
"MOD",3,320,11,1,2015,5,0,3,1,0,0,"",8,15,9,0,"",0,NA,NA,NA,NA,NA,NA,0,0
"MOD",3,320,11,2,2015,4,0,5,0,0,0,"",16,17.5,10,0,"",0,NA,NA,NA,NA,NA,NA,0,0
"MOD",3,320,11,3,2015,5,0,4,0,0,0,"",11,15.5,8,0,"",0,NA,NA,NA,NA,NA,NA,0,0
"MOD",3,320,11,4,2015,0,0,9,0,0,0,"",15,14,11,0,"",0,NA,NA,NA,NA,NA,NA,0,0
"MOD",3,385,12,1,2015,7,0,0,2,0,0,"",9,9,4.5,0,"",0,NA,NA,NA,NA,NA,NA,0,0
"MOD",3,385,12,2,2015,6,0,0,0,3,0,"",5,11,5,0,"",0,NA,NA,NA,NA,NA,NA,0,0
"MOD",3,385,12,3,2015,5,0,3,1,0,0,"",15,13,6,0,"",0,NA,NA,NA,NA,NA,NA,0,0
"MOD",3,385,12,4,2015,4,0,0,3,2,0,"",8.5,7,3,0,"",0,NA,NA,NA,NA,NA,NA,0,0
"MOD",3,40,2,1,2015,2,6,0,0,1,0,"",14,12.5,6,0,"",0,NA,NA,NA,NA,NA,NA,12,128.045578735956
"MOD",3,40,2,2,2015,7,1,0,0,1,0,"",7.5,12,9.5,0,"",0,NA,NA,NA,NA,NA,NA,12,128.045578735956
"MOD",3,40,2,3,2015,7,2,0,0,0,0,"",9,20,10,0,"",0,NA,NA,NA,NA,NA,NA,12,128.045578735956
"MOD",3,40,2,4,2015,6,2,0,0,1,0,"",5,21,10,0,"",0,NA,NA,NA,NA,NA,NA,12,128.045578735956
"MOD",3,50,3,1,2015,1,8,0,0,0,0,"",9,18,11,0,"",0,NA,NA,NA,NA,NA,NA,10,112.896669030949
"MOD",3,50,3,2,2015,9,0,0,0,0,0,"",15.5,17,13,0,"",0,NA,NA,NA,NA,NA,NA,10,112.896669030949
"MOD",3,50,3,3,2015,2,7,0,0,0,0,"Tom said she will survive",11,15,10,0,"",0,NA,NA,NA,NA,NA,NA,10,112.896669030949
"MOD",3,50,3,4,2015,9,0,0,0,0,0,"",9.5,15.5,10,0,"",0,NA,NA,NA,NA,NA,NA,10,112.896669030949
"MOD",3,55,4,1,2015,9,0,0,0,0,0,"",12,10,12,0,"",0,NA,NA,NA,NA,NA,NA,4,47.8652262843147
"MOD",3,55,4,2,2015,9,0,0,0,0,0,"",8,18,8,0,"",0,NA,NA,NA,NA,NA,NA,4,47.8652262843147
"MOD",3,55,4,3,2015,9,0,0,0,0,0,"",15,11,6,1,"",0,NA,NA,NA,NA,NA,NA,4,47.8652262843147
"MOD",3,55,4,4,2015,9,0,0,0,0,0,"",14.5,13.5,11,0,"",0,NA,NA,NA,NA,NA,NA,4,47.8652262843147
"MOD",3,70,5,1,2015,8,0,0,0,0,1,"clovata (cacti)",7,14,13.5,0,"",0,NA,NA,NA,NA,NA,NA,2,23.6596822409169
"MOD",3,70,5,2,2015,9,0,0,0,0,0,"",9,13,6,0,"",0,NA,NA,NA,NA,NA,NA,2,23.6596822409169
"MOD",3,70,5,3,2015,9,0,0,0,0,0,"",12,16,11,0,"",0,NA,NA,NA,NA,NA,NA,2,23.6596822409169
"MOD",3,70,5,4,2015,9,0,0,0,0,0,"",11,11,11,0,"",0,NA,NA,NA,NA,NA,NA,2,23.6596822409169
"MOD",3,95,6,1,2015,9,0,0,0,0,0,"",13,10,6,0,"",0,NA,NA,NA,NA,NA,NA,13,123.68738477135
"MOD",3,95,6,2,2015,9,0,0,0,0,0,"",21,16,12,0,"",0,NA,NA,NA,NA,NA,NA,13,123.68738477135
"MOD",3,95,6,3,2015,9,0,0,0,0,0,"",6,11.5,8,0,"",0,NA,NA,NA,NA,NA,NA,13,123.68738477135
"MOD",3,95,6,4,2015,7,2,0,0,0,0,"",13,13,10.5,0,"",0,NA,NA,NA,NA,NA,NA,13,123.68738477135
"PDC",1,0,1,1,2015,9,0,0,0,0,0,"",8,18,7,0,"",0,NA,NA,NA,NA,NA,NA,19,203.98665703812
"PDC",1,0,1,2,2015,3,6,0,0,0,0,"",14.5,16.5,9,0,"",0,NA,NA,NA,NA,NA,NA,19,203.98665703812
"PDC",1,0,1,3,2015,8,1,0,0,0,0,"",12.5,21,9.5,0,"",0,NA,NA,NA,NA,NA,NA,19,203.98665703812
"PDC",1,0,1,4,2015,9,0,0,0,0,0,"",7,21,7,0,"",0,NA,NA,NA,NA,NA,NA,19,203.98665703812
"PDC",1,10,3,1,2015,9,0,0,0,0,0,"",9,16.5,10,0,"",0,NA,NA,NA,NA,NA,NA,10,104.172828204032
"PDC",1,10,3,2,2015,6,3,0,0,0,0,"",6.5,12,10,0,"",0,NA,NA,NA,NA,NA,NA,10,104.172828204032
"PDC",1,10,3,3,2015,9,0,0,0,0,0,"",13.5,10,8.5,0,"",0,NA,NA,NA,NA,NA,NA,10,104.172828204032
"PDC",1,10,3,4,2015,9,0,0,0,0,0,"",6.5,17.5,9,1,"",0,NA,NA,NA,NA,NA,NA,10,104.172828204032
"PDC",1,110,10,1,2015,6,0,2,0,0,1,"forb",16,11.5,4,1,"",0,NA,NA,NA,NA,NA,NA,0,0
"PDC",1,110,10,2,2015,2,0,7,0,0,0,"",17,19,6,0,"",0,NA,NA,NA,NA,NA,NA,0,0
"PDC",1,110,10,3,2015,7,0,1,0,1,0,"",14,15,7,1,"",0,NA,NA,NA,NA,NA,NA,0,0
"PDC",1,110,10,4,2015,7,0,2,0,0,0,"",11,12,6.5,1,"",1,4,2.5,1.5,0,0,1,0,0
"PDC",1,130,11,1,2015,8,0,0,0,1,0,"spir",11.5,14.5,7,1,"",1,2.5,2.5,1,0,0,1,0,0
"PDC",1,130,11,2,2015,5,0,3,0,1,0,"spir",16,8,7,1,"",1,3,3,2.5,0,0,1,0,0
"PDC",1,130,11,3,2015,8,0,0,0,1,0,"spir",19,14,11,0,"",0,NA,NA,NA,NA,NA,NA,0,0
"PDC",1,130,11,4,2015,5,0,0,0,0,4,"other grass",7,14,9,0,"",0,NA,NA,NA,NA,NA,NA,0,0
"PDC",1,135,12,1,2015,8,0,0,0,1,0,"spir",9,16,7.5,0,"",0,NA,NA,NA,NA,NA,NA,0,0
"PDC",1,135,12,2,2015,4,0,5,0,0,0,"",14.5,11,7.5,1,"",1,9,2.5,2,0,0,1,0,0
"PDC",1,135,12,3,2015,6,0,0,0,3,0,"spir",15,15,10.5,0,"",0,NA,NA,NA,NA,NA,NA,0,0
"PDC",1,135,12,4,2015,6,0,2,0,1,0,"",5,10,5.5,1,"",0,NA,NA,NA,NA,NA,NA,0,0
"PDC",1,15,4,1,2015,8,1,0,0,0,0,"",11,12.5,7.5,0,"",0,NA,NA,NA,NA,NA,NA,11,124.710724366407
"PDC",1,15,4,2,2015,5,4,0,0,0,0,"",10,16,9.5,0,"",0,NA,NA,NA,NA,NA,NA,11,124.710724366407
"PDC",1,15,4,3,2015,9,0,0,0,0,0,"",9.5,6.5,6,0,"",0,NA,NA,NA,NA,NA,NA,11,124.710724366407
"PDC",1,15,4,4,2015,4,5,0,0,0,0,"",9,13,9.5,1,"",0,NA,NA,NA,NA,NA,NA,11,124.710724366407
"PDC",1,25,5,1,2015,5,0,0,0,1,3,"spir; mhuly",10.5,14.5,11,1,"",1,3.5,0.5,0.5,0,0,1,1,12.7474503499358
"PDC",1,25,5,2,2015,3,0,6,0,0,0,"",10,12,9,1,"",1,3,2.5,2,0,0,1,1,12.7474503499358
"PDC",1,25,5,3,2015,8,0,0,0,1,0,"",7,8,6.5,1,"",0,NA,NA,NA,NA,NA,NA,1,12.7474503499358
"PDC",1,25,5,4,2015,9,0,0,0,0,0,"",18.5,11,8,1,"",0,NA,NA,NA,NA,NA,NA,1,12.7474503499358
"PDC",1,30,6,1,2015,6,0,0,0,2,1,"spir; other grass",10.5,9.5,5,1,"",1,3,2.5,2,0,0,1,1,13.4843954846092
"PDC",1,30,6,2,2015,2,0,0,0,7,0,"",7.5,9,8,1,"",0,NA,NA,NA,NA,NA,NA,1,13.4843954846092
"PDC",1,30,6,3,2015,4,0,0,0,5,0,"",14,9,8.5,1,"",1,2,1.5,1,0,0,1,1,13.4843954846092
"PDC",1,30,6,4,2015,5,0,0,0,4,0,"",6,12,7,0,"",0,NA,NA,NA,NA,NA,NA,1,13.4843954846092
"PDC",1,35,7,1,2015,6,0,0,0,0,3,"mhuly",5.5,8.5,5,0,"",0,NA,NA,NA,NA,NA,NA,2,25.0422886441262
"PDC",1,35,7,2,2015,9,0,0,0,0,0,"",18,11,11,0,"",0,NA,NA,NA,NA,NA,NA,2,25.0422886441262
"PDC",1,35,7,3,2015,6,2,0,0,1,0,"spir",11,14,11,0,"",0,NA,NA,NA,NA,NA,NA,2,25.0422886441262
"PDC",1,35,7,4,2015,8,0,0,0,1,0,"spir",7,15.5,6,1,"",0,NA,NA,NA,NA,NA,NA,2,25.0422886441262
"PDC",1,5,2,1,2015,8,1,0,0,0,0,"",6.5,13,9.5,0,"",0,NA,NA,NA,NA,NA,NA,10,109.179701522132
"PDC",1,5,2,2,2015,5,4,0,0,0,0,"",15,9.5,6,0,"",0,NA,NA,NA,NA,NA,NA,10,109.179701522132
"PDC",1,5,2,3,2015,0,7,0,0,2,0,"",15,10,9,0,"",0,NA,NA,NA,NA,NA,NA,10,109.179701522132
"PDC",1,5,2,4,2015,4,5,0,0,0,0,"",18,14,10,1,"",0,NA,NA,NA,NA,NA,NA,10,109.179701522132
"PDC",1,65,8,1,2015,9,0,0,0,0,0,"",10.5,17,9,0,"",0,NA,NA,NA,NA,NA,NA,1,13.3647621410552
"PDC",1,65,8,2,2015,9,0,0,0,0,0,"",12,10.5,9.5,1,"",0,NA,NA,NA,NA,NA,NA,1,13.3647621410552
"PDC",1,65,8,3,2015,7,0,2,0,0,0,"",16,14,9,1,"",0,NA,NA,NA,NA,NA,NA,1,13.3647621410552
"PDC",1,65,8,4,2015,9,0,0,0,0,0,"",15,10,7.5,0,"",0,NA,NA,NA,NA,NA,NA,1,13.3647621410552
"PDC",1,80,9,1,2015,8,0,0,0,1,0,"spir",13,15,9.5,1,"",1,8,7.5,4.5,0,0,1,2,19.186208208212
"PDC",1,80,9,2,2015,5,0,0,0,4,0,"spir",7.5,11,7,1,"",0,NA,NA,NA,NA,NA,NA,2,19.186208208212
"PDC",1,80,9,3,2015,5,0,0,0,4,0,"spir",10,11,10,1,"",0,NA,NA,NA,NA,NA,NA,2,19.186208208212
"PDC",1,80,9,4,2015,9,0,0,0,0,0,"",10,13,12,0,"",0,NA,NA,NA,NA,NA,NA,2,19.186208208212
"PDC",2,0,1,1,2015,9,0,0,0,0,0,"",9,12,11,0,"",0,NA,NA,NA,NA,NA,NA,11,120.990508443308
"PDC",2,0,1,2,2015,8,1,0,0,0,0,"",12,12,11,0,"",0,NA,NA,NA,NA,NA,NA,11,120.990508443308
"PDC",2,0,1,3,2015,8,1,0,0,0,0,"",14.5,16,8,0,"",0,NA,NA,NA,NA,NA,NA,11,120.990508443308
"PDC",2,0,1,4,2015,6,3,0,0,0,0,"",12.5,10,6.5,1,"",0,NA,NA,NA,NA,NA,NA,11,120.990508443308
"PDC",2,10,2,1,2015,6,0,0,0,3,0,"",12.5,13,12,1,"",1,5,4,4,0,0,1,11,120.820663320842
"PDC",2,10,2,2,2015,9,0,0,0,0,0,"",16.5,9,6,0,"",0,NA,NA,NA,NA,NA,NA,11,120.820663320842
"PDC",2,10,2,3,2015,9,0,0,0,0,0,"",7,12,11,0,"",0,NA,NA,NA,NA,NA,NA,11,120.820663320842
"PDC",2,10,2,4,2015,9,0,0,0,0,0,"",12,13,6.5,0,"",0,NA,NA,NA,NA,NA,NA,11,120.820663320842
"PDC",2,110,9,1,2015,8,0,1,0,0,0,"",15,16,6.5,1,"",0,NA,NA,NA,NA,NA,NA,0,0
"PDC",2,110,9,2,2015,8,0,1,0,0,0,"",12,9,8,1,"",0,NA,NA,NA,NA,NA,NA,0,0
"PDC",2,110,9,3,2015,9,0,0,0,0,0,"",10.5,14,11,0,"",0,NA,NA,NA,NA,NA,NA,0,0
"PDC",2,110,9,4,2015,8,0,1,0,0,0,"",11.5,15,13,1,"",0,NA,NA,NA,NA,NA,NA,0,0
"PDC",2,125,10,1,2015,9,0,0,0,0,0,"",8.5,14,7,0,"",0,NA,NA,NA,NA,NA,NA,2,26.3144440939658
"PDC",2,125,10,2,2015,4,0,5,0,0,0,"",9,20,9,1,"",1,1.5,1,1,0,0,1,2,26.3144440939658
"PDC",2,125,10,3,2015,9,0,0,0,0,0,"",11,21,16,0,"",0,NA,NA,NA,NA,NA,NA,2,26.3144440939658
"PDC",2,125,10,4,2015,5,0,3,0,0,1,"",12,12,7,0,"",0,NA,NA,NA,NA,NA,NA,2,26.3144440939658
"PDC",2,15,3,1,2015,9,0,0,0,0,0,"",18,12.5,8,0,"",0,NA,NA,NA,NA,NA,NA,15,167.468954126604
"PDC",2,15,3,2,2015,3,5,0,0,1,0,"",5.5,8,5,0,"",0,NA,NA,NA,NA,NA,NA,15,167.468954126604
"PDC",2,15,3,3,2015,9,0,0,0,0,0,"",12.5,7.5,5,0,"",0,NA,NA,NA,NA,NA,NA,15,167.468954126604
"PDC",2,15,3,4,2015,3,2,0,0,4,0,"",11,11.5,10,0,"",0,NA,NA,NA,NA,NA,NA,15,167.468954126604
"PDC",2,165,11,1,2015,6,0,2,0,1,0,"",11,10.5,10,1,"",0,NA,NA,NA,NA,NA,NA,0,0
"PDC",2,165,11,2,2015,4,0,3,0,2,0,"",11,9.5,7,0,"",0,NA,NA,NA,NA,NA,NA,0,0
"PDC",2,165,11,3,2015,0,0,4,0,5,0,"",9,10,8,0,"",0,NA,NA,NA,NA,NA,NA,0,0
"PDC",2,165,11,4,2015,5,0,0,1,3,0,"",12,24,9.5,0,"",0,NA,NA,NA,NA,NA,NA,0,0
"PDC",2,185,12,1,2015,7,0,1,0,1,0,"",13,20,6.5,0,"",0,NA,NA,NA,NA,NA,NA,0,0
"PDC",2,185,12,2,2015,7,0,0,0,2,0,"",12,17,9,0,"",0,NA,NA,NA,NA,NA,NA,0,0
"PDC",2,185,12,3,2015,4,0,0,0,5,0,"",16,9,5.5,1,"",1,12,4,3,0,0,1,0,0
"PDC",2,185,12,4,2015,4,0,0,0,2,3,"",11,17.5,12,0,"",0,NA,NA,NA,NA,NA,NA,0,0
"PDC",2,35,4,1,2015,8,1,0,0,0,0,"",6.5,17,9,0,"",0,NA,NA,NA,NA,NA,NA,6,65.1594099060989
"PDC",2,35,4,2,2015,9,0,0,0,0,0,"",17,18,6.5,0,"",0,NA,NA,NA,NA,NA,NA,6,65.1594099060989
"PDC",2,35,4,3,2015,5,4,0,0,0,0,"",24,12,10,0,"",0,NA,NA,NA,NA,NA,NA,6,65.1594099060989
"PDC",2,35,4,4,2015,9,0,0,0,0,0,"",7,12,6.5,1,"",0,NA,NA,NA,NA,NA,NA,6,65.1594099060989
"PDC",2,45,5,1,2015,9,0,0,0,0,0,"",13,19,12,1,"",0,NA,NA,NA,NA,NA,NA,4,50.0538458608273
"PDC",2,45,5,2,2015,9,0,0,0,0,0,"",12,8,7.5,0,"",0,NA,NA,NA,NA,NA,NA,4,50.0538458608273
"PDC",2,45,5,3,2015,9,0,0,0,0,0,"",10.5,12.5,9.5,0,"",0,NA,NA,NA,NA,NA,NA,4,50.0538458608273
"PDC",2,45,5,4,2015,9,0,0,0,0,0,"",13,17,9,0,"",0,NA,NA,NA,NA,NA,NA,4,50.0538458608273
"PDC",2,50,6,1,2015,4,5,0,0,0,0,"",16,7,9.5,0,"",0,NA,NA,NA,NA,NA,NA,17,190.072986937759
"PDC",2,50,6,2,2015,4,5,0,0,0,0,"",10,17,8,0,"",0,NA,NA,NA,NA,NA,NA,17,190.072986937759
"PDC",2,50,6,3,2015,9,0,0,0,0,0,"",5,7,6,0,"",0,NA,NA,NA,NA,NA,NA,17,190.072986937759
"PDC",2,50,6,4,2015,9,0,0,0,0,0,"",19.5,22,8,0,"",0,NA,NA,NA,NA,NA,NA,17,190.072986937759
"PDC",2,60,7,1,2015,9,0,0,0,0,0,"",11,11,7,0,"",0,NA,NA,NA,NA,NA,NA,6,70.2794564262078
"PDC",2,60,7,2,2015,9,0,0,0,0,0,"",15,10,8,1,"",1,3,1,1,0,0,1,6,70.2794564262078
"PDC",2,60,7,3,2015,9,0,0,0,0,0,"",6,14.5,12,1,"",0,NA,NA,NA,NA,NA,NA,6,70.2794564262078
"PDC",2,60,7,4,2015,5,4,0,0,0,0,"",16,10,7,1,"",1,2.5,1,1,0,0,1,6,70.2794564262078
"PDC",2,65,8,1,2015,2,7,0,0,0,0,"",15.5,13,12,1,"",0,NA,NA,NA,NA,NA,NA,2,25.0018940232439
"PDC",2,65,8,2,2015,8,1,0,0,0,0,"",8,10,10,0,"",0,NA,NA,NA,NA,NA,NA,2,25.0018940232439
"PDC",2,65,8,3,2015,9,0,0,0,0,0,"",11,13.5,7,1,"",1,1.5,1,0.5,0,0,1,2,25.0018940232439
"PDC",2,65,8,4,2015,9,0,0,0,0,0,"",7.5,13.5,10,0,"",0,NA,NA,NA,NA,NA,NA,2,25.0018940232439
"PDC",3,0,1,1,2015,9,0,0,0,0,0,"",17.5,7,6.5,0,"",0,NA,NA,NA,NA,NA,NA,8,91.8798729367032
"PDC",3,0,1,2,2015,7,2,0,0,0,0,"",8,18.5,19,0,"",0,NA,NA,NA,NA,NA,NA,8,91.8798729367032
"PDC",3,0,1,3,2015,9,0,0,0,0,0,"",12,16,12.5,0,"",0,NA,NA,NA,NA,NA,NA,8,91.8798729367032
"PDC",3,0,1,4,2015,9,0,0,0,0,0,"",7,12,6,0,"",0,NA,NA,NA,NA,NA,NA,8,91.8798729367032
"PDC",3,120,8,1,2015,5,0,4,0,0,0,"",8,9.5,6.5,1,"",0,NA,NA,NA,NA,NA,NA,2,25.8620844204577
"PDC",3,120,8,2,2015,9,0,0,0,0,0,"",14,11,6,1,"",0,NA,NA,NA,NA,NA,NA,2,25.8620844204577
"PDC",3,120,8,3,2015,2,0,7,0,0,0,"",15.5,11,9,1,"",0,NA,NA,NA,NA,NA,NA,2,25.8620844204577
"PDC",3,120,8,4,2015,5,0,4,0,0,0,"",14,8,7.5,1,"",0,NA,NA,NA,NA,NA,NA,2,25.8620844204577
"PDC",3,15,2,1,2015,7,2,0,0,0,0,"",14.5,9,13,0,"",0,NA,NA,NA,NA,NA,NA,17,179.728930506404
"PDC",3,15,2,2,2015,9,0,0,0,0,0,"",10,18,8,0,"",0,NA,NA,NA,NA,NA,NA,17,179.728930506404
"PDC",3,15,2,3,2015,7,2,0,0,0,0,"",8,7.5,4.5,0,"",0,NA,NA,NA,NA,NA,NA,17,179.728930506404
"PDC",3,15,2,4,2015,9,0,0,0,0,0,"",13,13.5,6,0,"",0,NA,NA,NA,NA,NA,NA,17,179.728930506404
"PDC",3,170,9,1,2015,8,0,1,0,0,0,"",11.5,12.5,6,0,"",0,NA,NA,NA,NA,NA,NA,1,9.92178421151501
"PDC",3,170,9,2,2015,6,0,2,0,1,0,"",17,11,6.5,0,"",0,NA,NA,NA,NA,NA,NA,1,9.92178421151501
"PDC",3,170,9,3,2015,5,0,4,0,0,0,"",17,13,4,1,"",1,5,4,2,0,0,1,1,9.92178421151501
"PDC",3,170,9,4,2015,5,0,0,0,4,0,"",20,10,8,0,"",0,NA,NA,NA,NA,NA,NA,1,9.92178421151501
"PDC",3,185,10,1,2015,7,0,0,0,2,0,"",9,13,10,1,"",0,NA,NA,NA,NA,NA,NA,1,12.3474617854057
"PDC",3,185,10,2,2015,7,0,0,0,2,0,"",13,24,7,0,"",0,NA,NA,NA,NA,NA,NA,1,12.3474617854057
"PDC",3,185,10,3,2015,2,0,7,0,0,0,"",17,10,6.5,0,"",0,NA,NA,NA,NA,NA,NA,1,12.3474617854057
"PDC",3,185,10,4,2015,4,0,4,0,0,1,"ephedra",19,15,11,1,"",1,3.5,2.5,2,0,0,1,1,12.3474617854057
"PDC",3,20,3,1,2015,3,6,0,0,0,0,"",8.5,9.5,6,0,"",0,NA,NA,NA,NA,NA,NA,28,276.747142902636
"PDC",3,20,3,2,2015,3,6,0,0,0,0,"",13,19,13,0,"",0,NA,NA,NA,NA,NA,NA,28,276.747142902636
"PDC",3,20,3,3,2015,7,2,0,0,0,0,"",15,23,9.5,0,"",0,NA,NA,NA,NA,NA,NA,28,276.747142902636
"PDC",3,20,3,4,2015,5,4,0,0,0,0,"",11,11,11,0,"",0,NA,NA,NA,NA,NA,NA,28,276.747142902636
"PDC",3,265,11,1,2015,1,0,8,0,0,0,"",6.5,11,8.5,0,"",0,NA,NA,NA,NA,NA,NA,0,0
"PDC",3,265,11,2,2015,3,0,6,0,0,0,"",17,10.5,5,0,"",0,NA,NA,NA,NA,NA,NA,0,0
"PDC",3,265,11,3,2015,1,0,8,0,0,0,"",10.5,9.5,6.5,0,"",0,NA,NA,NA,NA,NA,NA,0,0
"PDC",3,265,11,4,2015,2,0,7,0,0,0,"",8,14.5,8,0,"",0,NA,NA,NA,NA,NA,NA,0,0
"PDC",3,30,4,1,2015,8,1,0,0,0,0,"",11,12,10.5,0,"",0,NA,NA,NA,NA,NA,NA,10,112.686990021298
"PDC",3,30,4,2,2015,2,7,0,0,0,0,"",12.5,22,7,0,"",0,NA,NA,NA,NA,NA,NA,10,112.686990021298
"PDC",3,30,4,3,2015,9,0,0,0,0,0,"",16.5,10,8,0,"",0,NA,NA,NA,NA,NA,NA,10,112.686990021298
"PDC",3,30,4,4,2015,9,0,0,0,0,0,"",12,11,8,0,"",0,NA,NA,NA,NA,NA,NA,10,112.686990021298
"PDC",3,380,12,1,2015,4,0,5,0,0,0,"",9,13,7,0,"",0,NA,NA,NA,NA,NA,NA,0,0
"PDC",3,380,12,2,2015,7,0,0,0,2,0,"",9,12,8,0,"",0,NA,NA,NA,NA,NA,NA,0,0
"PDC",3,380,12,3,2015,3,0,6,0,0,0,"",6,15,5.5,0,"",0,NA,NA,NA,NA,NA,NA,0,0
"PDC",3,380,12,4,2015,3,0,5,0,1,0,"",25,10,6,0,"",0,NA,NA,NA,NA,NA,NA,0,0
"PDC",3,50,5,1,2015,8,0,0,0,0,1,"forb",12,9,8,0,"",0,NA,NA,NA,NA,NA,NA,10,117.970862669451
"PDC",3,50,5,2,2015,9,0,0,0,0,0,"",5,11,5.5,0,"",0,NA,NA,NA,NA,NA,NA,10,117.970862669451
"PDC",3,50,5,3,2015,9,0,0,0,0,0,"",9,16,5.5,0,"",0,NA,NA,NA,NA,NA,NA,10,117.970862669451
"PDC",3,50,5,4,2015,9,0,0,0,0,0,"",10.5,13,7,0,"",0,NA,NA,NA,NA,NA,NA,10,117.970862669451
"PDC",3,70,6,1,2015,0,9,0,0,0,0,"Dense grass below all creosote cover",10.5,15,8,1,"",1,3,1,0.5,0,0,1,9,107.271519818344
"PDC",3,70,6,2,2015,0,4,0,0,5,0,"Dense grass below all creosote cover",16,14,9,0,"",0,NA,NA,NA,NA,NA,NA,9,107.271519818344
"PDC",3,70,6,3,2015,0,6,0,0,3,0,"Dense grass below all creosote cover",12,14,12,0,"",0,NA,NA,NA,NA,NA,NA,9,107.271519818344
"PDC",3,70,6,4,2015,0,4,0,0,5,0,"Dense grass below all creosote cover",7,12,6,0,"",0,NA,NA,NA,NA,NA,NA,9,107.271519818344
"PDC",3,95,7,1,2015,6,0,3,0,0,0,"",13,13,8,1,"",0,NA,NA,NA,NA,NA,NA,0,0
"PDC",3,95,7,2,2015,9,0,0,0,0,0,"",15.5,16.5,7,0,"",0,NA,NA,NA,NA,NA,NA,0,0
"PDC",3,95,7,3,2015,7,0,2,0,0,0,"",8,7,6,0,"",0,NA,NA,NA,NA,NA,NA,0,0
"PDC",3,95,7,4,2015,3,0,6,0,0,0,"",13,12,8,0,"",0,NA,NA,NA,NA,NA,NA,0,0
"SLP",1,0,1,1,2015,6,1,0,0,2,0,"",13,20,9,0,"",0,NA,NA,NA,NA,NA,NA,11,117.06720283467
"SLP",1,0,1,2,2015,8,1,0,0,0,0,"",17,18,8,0,"",0,NA,NA,NA,NA,NA,NA,11,117.06720283467
"SLP",1,0,1,3,2015,1,4,0,0,4,0,"",13,15,11,0,"",0,NA,NA,NA,NA,NA,NA,11,117.06720283467
"SLP",1,0,1,4,2015,3,4,0,0,2,0,"",20,12,10.5,0,"",0,NA,NA,NA,NA,NA,NA,11,117.06720283467
"SLP",1,100,5,1,2015,6,0,0,0,0,3,"Forb",11,15.5,4.5,0,"",0,NA,NA,NA,NA,NA,NA,0,0
"SLP",1,100,5,2,2015,7,0,2,0,0,0,"",12,13,8,0,"",0,NA,NA,NA,NA,NA,NA,0,0
"SLP",1,100,5,3,2015,8,0,0,0,1,0,"",10,21.5,9,0,"",0,NA,NA,NA,NA,NA,NA,0,0
"SLP",1,100,5,4,2015,9,0,0,0,0,0,"",11,13,10,0,"",0,NA,NA,NA,NA,NA,NA,0,0
"SLP",1,125,6,1,2015,2,7,0,0,0,0,"",11,19,4.5,0,"",0,NA,NA,NA,NA,NA,NA,15,156.38509461967
"SLP",1,125,6,2,2015,1,8,0,0,0,0,"",8.5,13,8,0,"",0,NA,NA,NA,NA,NA,NA,15,156.38509461967
"SLP",1,125,6,3,2015,0,9,0,0,0,0,"",9,8,4,0,"",0,NA,NA,NA,NA,NA,NA,15,156.38509461967
"SLP",1,125,6,4,2015,0,9,0,0,0,0,"",12,12.5,7,0,"",0,NA,NA,NA,NA,NA,NA,15,156.38509461967
"SLP",1,130,7,1,2015,9,0,0,0,0,0,"",15,14.5,7,0,"",0,NA,NA,NA,NA,NA,NA,3,39.4461389360332
"SLP",1,130,7,2,2015,9,0,0,0,0,0,"",6.5,14,9,0,"",0,NA,NA,NA,NA,NA,NA,3,39.4461389360332
"SLP",1,130,7,3,2015,9,0,0,0,0,0,"",7,9,6.5,0,"",0,NA,NA,NA,NA,NA,NA,3,39.4461389360332
"SLP",1,130,7,4,2015,8,0,1,0,0,0,"",10,20,15,0,"",0,NA,NA,NA,NA,NA,NA,3,39.4461389360332
"SLP",1,20,3,1,2015,9,0,0,0,0,0,"",11,10.5,8,0,"",0,NA,NA,NA,NA,NA,NA,7,74.8331845180587
"SLP",1,20,3,2,2015,9,0,0,0,0,0,"",7.5,13,6,0,"",0,NA,NA,NA,NA,NA,NA,7,74.8331845180587
"SLP",1,20,3,3,2015,9,0,0,0,0,0,"",10,24,16,0,"",0,NA,NA,NA,NA,NA,NA,7,74.8331845180587
"SLP",1,20,3,4,2015,6,3,0,0,0,0,"",20,14,12,0,"",0,NA,NA,NA,NA,NA,NA,7,74.8331845180587
"SLP",1,210,8,1,2015,1,0,8,0,0,0,"",8,11,7,0,"",0,NA,NA,NA,NA,NA,NA,0,0
"SLP",1,210,8,2,2015,4,0,4,0,0,1,"Forb",15,7.5,5.5,0,"",0,NA,NA,NA,NA,NA,NA,0,0
"SLP",1,210,8,3,2015,5,0,4,0,0,0,"",9,14,6,0,"",0,NA,NA,NA,NA,NA,NA,0,0
"SLP",1,210,8,4,2015,5,0,4,0,0,0,"",7,9,6,0,"",0,NA,NA,NA,NA,NA,NA,0,0
"SLP",1,295,9,1,2015,0,9,0,0,0,0,"",10,10,8,0,"",0,NA,NA,NA,NA,NA,NA,9,99.9986848811391
"SLP",1,295,9,2,2015,0,9,0,0,0,0,"",10.5,8,6.5,0,"",0,NA,NA,NA,NA,NA,NA,9,99.9986848811391
"SLP",1,295,9,3,2015,0,9,0,0,0,0,"",13,8,5,0,"",0,NA,NA,NA,NA,NA,NA,9,99.9986848811391
"SLP",1,295,9,4,2015,3,3,0,0,3,0,"",8,12,10,0,"",0,NA,NA,NA,NA,NA,NA,9,99.9986848811391
"SLP",1,310,10,1,2015,0,9,0,0,0,0,"",18,11,7,0,"",0,NA,NA,NA,NA,NA,NA,8,94.2516573426837
"SLP",1,310,10,2,2015,3,6,0,0,0,0,"",14,13,10.5,0,"",0,NA,NA,NA,NA,NA,NA,8,94.2516573426837
"SLP",1,310,10,3,2015,7,0,0,2,0,0,"",10,11,7,0,"",0,NA,NA,NA,NA,NA,NA,8,94.2516573426837
"SLP",1,310,10,4,2015,4,2,0,3,0,0,"",14,17,8,0,"",0,NA,NA,NA,NA,NA,NA,8,94.2516573426837
"SLP",1,35,4,1,2015,5,4,0,0,0,0,"",6,14,9.5,0,"",0,NA,NA,NA,NA,NA,NA,20,203.0736123497
"SLP",1,35,4,2,2015,0,0,0,0,9,0,"",12,11,9,0,"",0,NA,NA,NA,NA,NA,NA,20,203.0736123497
"SLP",1,35,4,3,2015,5,4,0,0,0,0,"",12.5,13,9,0,"",0,NA,NA,NA,NA,NA,NA,20,203.0736123497
"SLP",1,35,4,4,2015,0,6,0,0,3,0,"",9,11,6,0,"",0,NA,NA,NA,NA,NA,NA,20,203.0736123497
"SLP",1,440,11,1,2015,8,0,0,0,1,0,"",12,14,11.5,0,"",0,NA,NA,NA,NA,NA,NA,1,6.24052298828596
"SLP",1,440,11,2,2015,8,0,0,0,1,0,"",7,18.5,9.5,0,"",0,NA,NA,NA,NA,NA,NA,1,6.24052298828596
"SLP",1,440,11,3,2015,5,0,0,0,4,0,"",10.5,16,11,0,"",0,NA,NA,NA,NA,NA,NA,1,6.24052298828596
"SLP",1,440,11,4,2015,9,0,0,0,0,0,"",7,20,6,0,"",0,NA,NA,NA,NA,NA,NA,1,6.24052298828596
"SLP",1,445,12,1,2015,9,0,0,0,0,0,"",10,11,10,0,"",0,NA,NA,NA,NA,NA,NA,2,22.2979358274759
"SLP",1,445,12,2,2015,9,0,0,0,0,0,"",15,18,9,0,"",0,NA,NA,NA,NA,NA,NA,2,22.2979358274759
"SLP",1,445,12,3,2015,9,0,0,0,0,0,"",14,14.5,9.5,0,"",0,NA,NA,NA,NA,NA,NA,2,22.2979358274759
"SLP",1,445,12,4,2015,9,0,0,0,0,0,"",18,17,6,0,"",0,NA,NA,NA,NA,NA,NA,2,22.2979358274759
"SLP",1,5,2,1,2015,6,3,0,0,0,0,"",18,18,14,0,"",0,NA,NA,NA,NA,NA,NA,12,132.87118585393
"SLP",1,5,2,2,2015,6,3,0,0,0,0,"",12,5.5,5,0,"",0,NA,NA,NA,NA,NA,NA,12,132.87118585393
"SLP",1,5,2,3,2015,5,4,0,0,0,0,"",15,15.5,8.5,0,"",0,NA,NA,NA,NA,NA,NA,12,132.87118585393
"SLP",1,5,2,4,2015,1,8,0,0,0,0,"",17,11,10,0,"",0,NA,NA,NA,NA,NA,NA,12,132.87118585393
"SLP",2,0,1,1,2015,9,0,0,0,0,0,"",10,11.5,8,0,"",0,NA,NA,NA,NA,NA,NA,13,140.253954542834
"SLP",2,0,1,2,2015,9,0,0,0,0,0,"",11,18,11,0,"",0,NA,NA,NA,NA,NA,NA,13,140.253954542834
"SLP",2,0,1,3,2015,9,0,0,0,0,0,"",10,15,9,0,"",0,NA,NA,NA,NA,NA,NA,13,140.253954542834
"SLP",2,0,1,4,2015,9,0,0,0,0,0,"",13,17,8,0,"",0,NA,NA,NA,NA,NA,NA,13,140.253954542834
"SLP",2,10,3,1,2015,0,9,0,0,0,0,"",11.5,17,12.5,0,"",0,NA,NA,NA,NA,NA,NA,11,131.495966311282
"SLP",2,10,3,2,2015,3,6,0,0,0,0,"",15,14,8,0,"",0,NA,NA,NA,NA,NA,NA,11,131.495966311282
"SLP",2,10,3,3,2015,5,4,0,0,0,0,"",11.5,19,17,0,"",0,NA,NA,NA,NA,NA,NA,11,131.495966311282
"SLP",2,10,3,4,2015,7,2,0,0,0,0,"",15,25,19,0,"",0,NA,NA,NA,NA,NA,NA,11,131.495966311282
"SLP",2,110,7,1,2015,0,9,0,0,0,0,"",11,16.5,11,0,"",0,NA,NA,NA,NA,NA,NA,6,47.0771098394998
"SLP",2,110,7,2,2015,6,0,0,0,0,3,"Yucca",11,13.5,6,0,"",0,NA,NA,NA,NA,NA,NA,6,47.0771098394998
"SLP",2,110,7,3,2015,3,6,0,0,0,0,"",9,12,7,0,"",0,NA,NA,NA,NA,NA,NA,6,47.0771098394998
"SLP",2,110,7,4,2015,9,0,0,0,0,0,"",12,19,14,0,"",0,NA,NA,NA,NA,NA,NA,6,47.0771098394998
"SLP",2,135,8,1,2015,5,0,4,0,0,0,"",10,11,6,0,"",0,NA,NA,NA,NA,NA,NA,0,0
"SLP",2,135,8,2,2015,1,0,8,0,0,0,"",19,12.5,7,0,"",0,NA,NA,NA,NA,NA,NA,0,0
"SLP",2,135,8,3,2015,8,0,1,0,0,0,"",15,16,12,0,"",0,NA,NA,NA,NA,NA,NA,0,0
"SLP",2,135,8,4,2015,1,0,8,0,0,0,"",13,14,11,0,"",0,NA,NA,NA,NA,NA,NA,0,0
"SLP",2,15,4,1,2015,7,2,0,0,0,0,"",25,21,11,0,"",0,NA,NA,NA,NA,NA,NA,16,184.499313252309
"SLP",2,15,4,2,2015,5,4,0,0,0,0,"",8,14,8,0,"",0,NA,NA,NA,NA,NA,NA,16,184.499313252309
"SLP",2,15,4,3,2015,9,0,0,0,0,0,"",10,11,8,0,"",0,NA,NA,NA,NA,NA,NA,16,184.499313252309
"SLP",2,15,4,4,2015,7,2,0,0,0,0,"",6,14,9,0,"",0,NA,NA,NA,NA,NA,NA,16,184.499313252309
"SLP",2,180,9,1,2015,9,0,0,0,0,0,"",13,17.5,7.5,0,"",0,NA,NA,NA,NA,NA,NA,0,0
"SLP",2,180,9,2,2015,1,0,8,0,0,0,"",14,15,10,0,"",0,NA,NA,NA,NA,NA,NA,0,0
"SLP",2,180,9,3,2015,4,0,5,0,0,0,"",8,10,6.5,0,"",0,NA,NA,NA,NA,NA,NA,0,0
"SLP",2,180,9,4,2015,8,0,1,0,0,0,"",12.5,12.5,9.5,0,"",0,NA,NA,NA,NA,NA,NA,0,0
"SLP",2,255,10,1,2015,7,0,2,0,0,0,"",10,13,9.5,0,"",0,NA,NA,NA,NA,NA,NA,1,12.5462767628362
"SLP",2,255,10,2,2015,6,0,3,0,0,0,"",9.5,14,11,0,"",0,NA,NA,NA,NA,NA,NA,1,12.5462767628362
"SLP",2,255,10,3,2015,6,0,3,0,0,0,"",12,16,9,0,"",0,NA,NA,NA,NA,NA,NA,1,12.5462767628362
"SLP",2,255,10,4,2015,6,0,0,0,3,0,"",15,21.5,11,0,"",0,NA,NA,NA,NA,NA,NA,1,12.5462767628362
"SLP",2,275,11,1,2015,5,0,0,0,4,0,"",17,11,10.5,0,"",0,NA,NA,NA,NA,NA,NA,1,14.6309953616169
"SLP",2,275,11,2,2015,6,0,0,2,1,0,"",18,11.5,7,0,"",0,NA,NA,NA,NA,NA,NA,1,14.6309953616169
"SLP",2,275,11,3,2015,7,0,0,2,0,0,"",6,15,13,0,"",0,NA,NA,NA,NA,NA,NA,1,14.6309953616169
"SLP",2,275,11,4,2015,6,0,0,2,1,0,"",13,11,6,0,"",0,NA,NA,NA,NA,NA,NA,1,14.6309953616169
"SLP",2,35,5,1,2015,2,6,0,0,0,1,"Forb",11,8,4,0,"",0,NA,NA,NA,NA,NA,NA,3,32.4813854043526
"SLP",2,35,5,2,2015,6,0,0,0,3,0,"",12,11,5.5,0,"",0,NA,NA,NA,NA,NA,NA,3,32.4813854043526
"SLP",2,35,5,3,2015,8,0,0,0,0,1,"Forb",13,11.5,5.5,0,"",0,NA,NA,NA,NA,NA,NA,3,32.4813854043526
"SLP",2,35,5,4,2015,5,0,0,0,3,1,"Forb",13,20,8,0,"",0,NA,NA,NA,NA,NA,NA,3,32.4813854043526
"SLP",2,495,12,1,2015,7,0,1,0,0,1,"Forb",18,13,7,0,"",0,NA,NA,NA,NA,NA,NA,0,0
"SLP",2,495,12,2,2015,7,0,1,0,0,1,"Forb",13,10,8,0,"",0,NA,NA,NA,NA,NA,NA,0,0
"SLP",2,495,12,3,2015,7,0,2,0,0,0,"",8,13,6,0,"",0,NA,NA,NA,NA,NA,NA,0,0
"SLP",2,495,12,4,2015,6,0,2,0,0,1,"Forb",9,12,9.5,0,"",0,NA,NA,NA,NA,NA,NA,0,0
"SLP",2,5,2,1,2015,7,2,0,0,0,0,"",8,12,9,0,"",0,NA,NA,NA,NA,NA,NA,9,108.682924217095
"SLP",2,5,2,2,2015,1,8,0,0,0,0,"",10,15,7,0,"",0,NA,NA,NA,NA,NA,NA,9,108.682924217095
"SLP",2,5,2,3,2015,9,0,0,0,0,0,"",13,15,10,0,"",0,NA,NA,NA,NA,NA,NA,9,108.682924217095
"SLP",2,5,2,4,2015,9,0,0,0,0,0,"",8,9,9,0,"",0,NA,NA,NA,NA,NA,NA,9,108.682924217095
"SLP",2,80,6,1,2015,9,0,0,0,0,0,"",6,7,8,0,"",0,NA,NA,NA,NA,NA,NA,1,13.4765610852766
"SLP",2,80,6,2,2015,9,0,0,0,0,0,"",11,12,10,0,"",0,NA,NA,NA,NA,NA,NA,1,13.4765610852766
"SLP",2,80,6,3,2015,9,0,0,0,0,0,"",7,10,6,0,"",0,NA,NA,NA,NA,NA,NA,1,13.4765610852766
"SLP",2,80,6,4,2015,9,0,0,0,0,0,"",12,15,10,0,"",0,NA,NA,NA,NA,NA,NA,1,13.4765610852766
"SLP",3,100,7,1,2015,7,0,2,0,0,0,"",24,12,7,0,"",0,NA,NA,NA,NA,NA,NA,6,68.0353023161857
"SLP",3,100,7,2,2015,7,0,2,0,0,0,"",10,18.5,11,0,"",0,NA,NA,NA,NA,NA,NA,6,68.0353023161857
"SLP",3,100,7,3,2015,5,2,1,0,1,0,"",9,13,9,0,"",0,NA,NA,NA,NA,NA,NA,6,68.0353023161857
"SLP",3,100,7,4,2015,8,0,1,0,0,0,"",16,8,6.5,0,"",0,NA,NA,NA,NA,NA,NA,6,68.0353023161857
"SLP",3,110,8,1,2015,9,0,0,0,0,0,"",14,16,8,0,"",0,NA,NA,NA,NA,NA,NA,2,21.7110255808168
"SLP",3,110,8,2,2015,8,0,0,0,1,0,"",11,14.5,4.5,0,"",0,NA,NA,NA,NA,NA,NA,2,21.7110255808168
"SLP",3,110,8,3,2015,9,0,0,0,0,0,"",7.5,10.5,8,0,"",0,NA,NA,NA,NA,NA,NA,2,21.7110255808168
"SLP",3,110,8,4,2015,9,0,0,0,0,0,"",8,12,12,0,"",0,NA,NA,NA,NA,NA,NA,2,21.7110255808168
"SLP",3,120,9,1,2015,9,0,0,0,0,0,"",12,17,13,0,"",0,NA,NA,NA,NA,NA,NA,0,0
"SLP",3,120,9,2,2015,8,0,0,1,0,0,"",16.5,16,6,0,"",0,NA,NA,NA,NA,NA,NA,0,0
"SLP",3,120,9,3,2015,9,0,0,0,0,0,"",11,15,11,0,"",0,NA,NA,NA,NA,NA,NA,0,0
"SLP",3,120,9,4,2015,9,0,0,0,0,0,"",14,11,10,0,"",0,NA,NA,NA,NA,NA,NA,0,0
"SLP",3,15,1,1,2015,5,0,0,0,4,0,"",11,11,9.5,0,"",0,NA,NA,NA,NA,NA,NA,9,92.6928535097585
"SLP",3,15,1,2,2015,5,0,0,0,4,0,"",17,12,9,0,"",0,NA,NA,NA,NA,NA,NA,9,92.6928535097585
"SLP",3,15,1,3,2015,7,1,1,0,0,0,"",8,19,6.5,0,"",0,NA,NA,NA,NA,NA,NA,9,92.6928535097585
"SLP",3,15,1,4,2015,4,2,0,0,3,0,"",15,12,11,0,"",0,NA,NA,NA,NA,NA,NA,9,92.6928535097585
"SLP",3,20,2,1,2015,5,0,0,0,2,2,"Spirobolis; forb",31,28,7,0,"",0,NA,NA,NA,NA,NA,NA,9,91.1881797471578
"SLP",3,20,2,2,2015,6,0,0,0,3,0,"Spirobolis",11.5,15.5,5,0,"",0,NA,NA,NA,NA,NA,NA,9,91.1881797471578
"SLP",3,20,2,3,2015,5,0,0,0,4,0,"Spirobolis",12,10,5,0,"",0,NA,NA,NA,NA,NA,NA,9,91.1881797471578
"SLP",3,20,2,4,2015,5,0,0,0,4,0,"Spirobolis",7,13,6.5,0,"",0,NA,NA,NA,NA,NA,NA,9,91.1881797471578
"SLP",3,220,10,1,2015,5,0,0,4,0,0,"",9,12,7,0,"",0,NA,NA,NA,NA,NA,NA,3,32.044817124619
"SLP",3,220,10,2,2015,6,0,0,3,0,0,"",11,12.5,16,0,"",0,NA,NA,NA,NA,NA,NA,3,32.044817124619
"SLP",3,220,10,3,2015,4,0,1,4,0,0,"",7,11.5,7.5,0,"",0,NA,NA,NA,NA,NA,NA,3,32.044817124619
"SLP",3,220,10,4,2015,7,0,0,2,0,0,"",13,6,5,0,"",0,NA,NA,NA,NA,NA,NA,3,32.044817124619
"SLP",3,245,11,1,2015,9,0,0,0,0,0,"",19,7,12,0,"",0,NA,NA,NA,NA,NA,NA,0,0
"SLP",3,245,11,2,2015,8,0,0,1,0,0,"",9.5,13.5,9,0,"",0,NA,NA,NA,NA,NA,NA,0,0
"SLP",3,245,11,3,2015,8,0,0,0,0,1,"Forb",7,12,6,0,"",0,NA,NA,NA,NA,NA,NA,0,0
"SLP",3,245,11,4,2015,7,0,0,0,0,2,"Forb",10,7,6,0,"",0,NA,NA,NA,NA,NA,NA,0,0
"SLP",3,25,3,1,2015,5,2,0,0,2,0,"",9,13,8.5,0,"",0,NA,NA,NA,NA,NA,NA,11,114.510438513901
"SLP",3,25,3,2,2015,3,6,0,0,0,0,"",12,12,6,0,"",0,NA,NA,NA,NA,NA,NA,11,114.510438513901
"SLP",3,25,3,3,2015,8,0,0,0,0,1,"Forb",7,12,11,0,"",0,NA,NA,NA,NA,NA,NA,11,114.510438513901
"SLP",3,25,3,4,2015,6,2,0,0,0,1,"Forb",13,20,12,0,"",0,NA,NA,NA,NA,NA,NA,11,114.510438513901
"SLP",3,260,12,1,2015,8,0,0,0,0,1,"Forb",8,2,2,0,"",0,NA,NA,NA,NA,NA,NA,0,0
"SLP",3,260,12,2,2015,3,0,0,5,0,1,"Forb",16,8,6,0,"",0,NA,NA,NA,NA,NA,NA,0,0
"SLP",3,260,12,3,2015,5,0,0,2,0,2,"Forb",10,11,11,0,"",0,NA,NA,NA,NA,NA,NA,0,0
"SLP",3,260,12,4,2015,3,0,0,6,0,0,"",9.5,13,11,0,"",0,NA,NA,NA,NA,NA,NA,0,0
"SLP",3,30,4,1,2015,4,5,0,0,0,0,"",13.5,12,7,0,"",0,NA,NA,NA,NA,NA,NA,6,63.0550960419297
"SLP",3,30,4,2,2015,5,0,0,0,4,0,"",10,17,8.5,0,"",0,NA,NA,NA,NA,NA,NA,6,63.0550960419297
"SLP",3,30,4,3,2015,7,0,0,0,2,0,"",12,18.5,18,0,"",0,NA,NA,NA,NA,NA,NA,6,63.0550960419297
"SLP",3,30,4,4,2015,5,0,0,0,3,1,"Forb",6,11,8,0,"",0,NA,NA,NA,NA,NA,NA,6,63.0550960419297
"SLP",3,45,5,1,2015,6,1,0,0,2,0,"",9,9.5,9,0,"",0,NA,NA,NA,NA,NA,NA,13,140.090601906357
"SLP",3,45,5,2,2015,7,0,1,0,1,0,"",20,12,7,0,"",0,NA,NA,NA,NA,NA,NA,13,140.090601906357
"SLP",3,45,5,3,2015,3,6,0,0,0,0,"",10,11,8,0,"",0,NA,NA,NA,NA,NA,NA,13,140.090601906357
"SLP",3,45,5,4,2015,2,3,4,0,0,0,"",20,14.5,4,0,"",0,NA,NA,NA,NA,NA,NA,13,140.090601906357
"SLP",3,70,6,1,2015,8,0,1,0,0,0,"",14,15,7,0,"",0,NA,NA,NA,NA,NA,NA,3,32.9422611451363
"SLP",3,70,6,2,2015,7,0,2,0,0,0,"",16.5,10,8,0,"",0,NA,NA,NA,NA,NA,NA,3,32.9422611451363
"SLP",3,70,6,3,2015,7,0,2,0,0,0,"",15,17,12,0,"",0,NA,NA,NA,NA,NA,NA,3,32.9422611451363
"SLP",3,70,6,4,2015,2,0,7,0,0,0,"",21.5,9.5,6,0,"",0,NA,NA,NA,NA,NA,NA,3,32.9422611451363
